Creating Time,Temperature(℃),Humidity(%),Light(lux),Voltage(V),WIFI RSSI(dBm),GSM RSSI(dBm),EXT1 Temperature(℃),EXT2 Temperature(℃),RS485 Temperature(℃),RS485 Humidity(%)
2021-03-08 16:58:29,,53,,,,,,,,
2021-03-08 16:58:29,,,318.720001,,,,,,,
2021-03-08 16:58:29,24.169525,,,,,,,,,
2021-03-08 16:56:48,,,,5,,,,,,
2021-03-08 16:53:29,,53,,,,,,,,
2021-03-08 16:53:29,,,227.279999,,,,,,,
2021-03-08 16:53:29,24.001297,,,,,,,,,
2021-03-08 16:53:17,,,,5.697472,,,,,,
2021-03-08 16:48:29,,,12.37,,,,,,,
2021-03-08 16:48:29,23.987946,,,,,,,,,
2021-03-08 16:48:29,,53,,,,,,,,
2021-03-08 16:43:29,24.113449,,,,,,,,,
2021-03-08 16:43:29,,,12.55,,,,,,,
2021-03-08 16:43:29,,53,,,,,,,,
2021-03-08 16:38:29,,,24.75,,,,,,,
2021-03-08 16:38:29,,53,,,,,,,,
2021-03-08 16:38:29,24.268333,,,,,,,,,
2021-03-08 16:33:29,24.42588,,,,,,,,,
2021-03-08 16:33:29,,,18.93,,,,,,,
2021-03-08 16:33:29,,54,,,,,,,,
2021-03-08 16:28:29,,,28.17,,,,,,,
2021-03-08 16:28:29,24.580757,,,,,,,,,
2021-03-08 16:28:29,,53,,,,,,,,
2021-03-08 16:23:29,24.735634,,,,,,,,,
2021-03-08 16:23:29,,,27.599998,,,,,,,
2021-03-08 16:23:29,,53,,,,,,,,
2021-03-08 16:18:29,24.890518,,,,,,,,,
2021-03-08 16:18:29,,54,,,,,,,,
2021-03-08 16:18:29,,,21.99,,,,,,,
2021-03-08 16:13:29,,,24.299999,,,,,,,
2021-03-08 16:13:29,,53,,,,,,,,
2021-03-08 16:13:29,24.991989,,,,,,,,,
2021-03-08 16:08:29,25.061417,,,,,,,,,
2021-03-08 16:08:29,,,29.59,,,,,,,
2021-03-08 16:08:29,,54,,,,,,,,
2021-03-08 16:03:29,,54,,,,,,,,
2021-03-08 16:03:29,25.09079,,,,,,,,,
2021-03-08 16:03:29,,,42.16,,,,,,,
2021-03-08 15:58:29,25.104141,,,,,,,,,
2021-03-08 15:58:29,,54,,,,,,,,
2021-03-08 15:58:29,,,49.379997,,,,,,,
2021-03-08 15:53:29,25.061417,,,,,,,,,
2021-03-08 15:53:29,,,18.18,,,,,,,
2021-03-08 15:53:29,,54,,,,,,,,
2021-03-08 15:48:29,25.048065,,,,,,,,,
2021-03-08 15:48:29,,,58.639999,,,,,,,
2021-03-08 15:48:29,,54,,,,,,,,
2021-03-08 15:43:29,,54,,,,,,,,
2021-03-08 15:43:29,,,35.619999,,,,,,,
2021-03-08 15:43:29,24.991989,,,,,,,,,
2021-03-08 15:38:29,,,28.74,,,,,,,
2021-03-08 15:38:29,24.962616,,,,,,,,,
2021-03-08 15:38:29,,54,,,,,,,,
2021-03-08 15:33:29,24.919891,,,,,,,,,
2021-03-08 15:33:29,,55,,,,,,,,
2021-03-08 15:33:29,,,25.49,,,,,,,
2021-03-08 15:28:29,,,46.52,,,,,,,
2021-03-08 15:28:29,,55,,,,,,,,
2021-03-08 15:28:29,24.877167,,,,,,,,,
2021-03-08 15:23:29,24.834442,,,,,,,,,
2021-03-08 15:23:29,,,23.299999,,,,,,,
2021-03-08 15:23:29,,55,,,,,,,,
2021-03-08 15:18:29,,,65.040001,,,,,,,
2021-03-08 15:18:29,24.778366,,,,,,,,,
2021-03-08 15:18:29,,55,,,,,,,,
2021-03-08 15:13:29,,55,,,,,,,,
2021-03-08 15:13:29,24.706261,,,,,,,,,
2021-03-08 15:13:29,,,40.790001,,,,,,,
2021-03-08 15:08:29,,,62.379997,,,,,,,
2021-03-08 15:08:29,,55,,,,,,,,
2021-03-08 15:08:29,24.679558,,,,,,,,,
2021-03-08 15:03:29,,,64.619995,,,,,,,
2021-03-08 15:03:29,24.636833,,,,,,,,,
2021-03-08 15:03:29,,55,,,,,,,,
2021-03-08 14:58:29,24.594109,,,,,,,,,
2021-03-08 14:58:29,,55,,,,,,,,
2021-03-08 14:58:29,,,16.15,,,,,,,
2021-03-08 14:53:29,,,68.479996,,,,,,,
2021-03-08 14:53:29,,55,,,,,,,,
2021-03-08 14:53:29,24.524681,,,,,,,,,
2021-03-08 14:48:29,24.468605,,,,,,,,,
2021-03-08 14:48:29,,,69.419998,,,,,,,
2021-03-08 14:48:29,,55,,,,,,,,
2021-03-08 14:43:29,,55,,,,,,,,
2021-03-08 14:43:29,,,65.5,,,,,,,
2021-03-08 14:43:28,24.399178,,,,,,,,,
2021-03-08 14:38:28,,55,,,,,,,,
2021-03-08 14:38:28,,,16.34,,,,,,,
2021-03-08 14:38:28,24.343102,,,,,,,,,
2021-03-08 14:33:28,,55,,,,,,,,
2021-03-08 14:33:28,,,66.519997,,,,,,,
2021-03-08 14:33:28,24.254982,,,,,,,,,
2021-03-08 14:28:28,,56,,,,,,,,
2021-03-08 14:28:28,24.185547,,,,,,,,,
2021-03-08 14:28:28,,,20.059999,,,,,,,
2021-03-08 14:23:28,,,45.279999,,,,,,,
2021-03-08 14:23:28,,56,,,,,,,,
2021-03-08 14:23:28,24.070724,,,,,,,,,
2021-03-08 14:18:28,,56,,,,,,,,
2021-03-08 14:18:28,,,65.699997,,,,,,,
2021-03-08 14:18:28,23.987946,,,,,,,,,
2021-03-08 14:13:28,23.918518,,,,,,,,,
2021-03-08 14:13:28,,,23.73,,,,,,,
2021-03-08 14:13:28,,56,,,,,,,,
2021-03-08 14:08:28,23.819717,,,,,,,,,
2021-03-08 14:08:28,,,18.93,,,,,,,
2021-03-08 14:08:28,,56,,,,,,,,
2021-03-08 14:03:28,,56,,,,,,,,
2021-03-08 14:03:28,23.688866,,,,,,,,,
2021-03-08 14:03:28,,,19.809999,,,,,,,
2021-03-08 13:58:28,,,65.080002,,,,,,,
2021-03-08 13:58:28,,55,,,,,,,,
2021-03-08 13:58:28,23.646141,,,,,,,,,
2021-03-08 13:53:28,,,59.16,,,,,,,
2021-03-08 13:53:28,23.619438,,,,,,,,,
2021-03-08 13:53:28,,55,,,,,,,,
2021-03-08 13:53:17,,,,5.710315,,,,,,
2021-03-08 13:48:28,23.606087,,,,,,,,,
2021-03-08 13:48:28,,,28.18,,,,,,,
2021-03-08 13:48:28,,56,,,,,,,,
2021-03-08 13:43:28,,55,,,,,,,,
2021-03-08 13:43:28,,,64.419998,,,,,,,
2021-03-08 13:43:28,23.63279,,,,,,,,,
2021-03-08 13:38:28,,55,,,,,,,,
2021-03-08 13:38:28,,,65.299995,,,,,,,
2021-03-08 13:38:28,23.646141,,,,,,,,,
2021-03-08 13:33:28,,56,,,,,,,,
2021-03-08 13:33:28,,,20.33,,,,,,,
2021-03-08 13:33:28,23.702217,,,,,,,,,
2021-03-08 13:28:28,23.763641,,,,,,,,,
2021-03-08 13:28:28,,56,,,,,,,,
2021-03-08 13:28:28,,,15.799999,,,,,,,
2021-03-08 13:23:28,,56,,,,,,,,
2021-03-08 13:23:28,23.803696,,,,,,,,,
2021-03-08 13:23:28,,,31.349998,,,,,,,
2021-03-08 13:18:28,,,22.439999,,,,,,,
2021-03-08 13:18:28,,56,,,,,,,,
2021-03-08 13:18:28,23.833069,,,,,,,,,
2021-03-08 13:13:28,,55,,,,,,,,
2021-03-08 13:13:28,,,73.68,,,,,,,
2021-03-08 13:13:28,23.918518,,,,,,,,,
2021-03-08 13:08:28,23.974594,,,,,,,,,
2021-03-08 13:08:28,,,74.379997,,,,,,,
2021-03-08 13:08:28,,55,,,,,,,,
2021-03-08 13:03:28,,55,,,,,,,,
2021-03-08 13:03:28,24.113449,,,,,,,,,
2021-03-08 13:03:28,,,72.959999,,,,,,,
2021-03-08 12:58:28,,55,,,,,,,,
2021-03-08 12:58:28,,,69.220001,,,,,,,
2021-03-08 12:58:28,24.225601,,,,,,,,,
2021-03-08 12:53:28,,,70.659996,,,,,,,
2021-03-08 12:53:28,,56,,,,,,,,
2021-03-08 12:53:28,24.313728,,,,,,,,,
2021-03-08 12:48:28,,56,,,,,,,,
2021-03-08 12:48:28,24.439232,,,,,,,,,
2021-03-08 12:48:28,,,25.84,,,,,,,
2021-03-08 12:43:28,24.554054,,,,,,,,,
2021-03-08 12:43:28,,,78.019997,,,,,,,
2021-03-08 12:43:28,,56,,,,,,,,
2021-03-08 12:38:28,,,80.519997,,,,,,,
2021-03-08 12:38:28,24.692909,,,,,,,,,
2021-03-08 12:38:28,,56,,,,,,,,
2021-03-08 12:33:28,24.834442,,,,,,,,,
2021-03-08 12:33:28,,56,,,,,,,,
2021-03-08 12:33:28,,,66.040001,,,,,,,
2021-03-08 12:28:28,24.90387,,,,,,,,,
2021-03-08 12:28:28,,,80.879997,,,,,,,
2021-03-08 12:28:28,,57,,,,,,,,
2021-03-08 12:23:28,24.949265,,,,,,,,,
2021-03-08 12:23:28,,,27.939999,,,,,,,
2021-03-08 12:23:28,,58,,,,,,,,
2021-03-08 12:18:28,24.978638,,,,,,,,,
2021-03-08 12:18:28,,58,,,,,,,,
2021-03-08 12:18:28,,,21.199999,,,,,,,
2021-03-08 12:13:28,,,26.059999,,,,,,,
2021-03-08 12:13:28,,58,,,,,,,,
2021-03-08 12:13:28,24.935913,,,,,,,,,
2021-03-08 12:08:28,24.861145,,,,,,,,,
2021-03-08 12:08:28,,,87.439995,,,,,,,
2021-03-08 12:08:28,,59,,,,,,,,
2021-03-08 12:03:28,24.861145,,,,,,,,,
2021-03-08 12:03:28,,,87.68,,,,,,,
2021-03-08 12:03:28,,58,,,,,,,,
2021-03-08 11:58:28,,58,,,,,,,,
2021-03-08 11:58:28,24.834442,,,,,,,,,
2021-03-08 11:58:28,,,22.189999,,,,,,,
2021-03-08 11:53:28,24.791718,,,,,,,,,
2021-03-08 11:53:28,,,91.479996,,,,,,,
2021-03-08 11:53:28,,58,,,,,,,,
2021-03-08 11:48:28,,,23.26,,,,,,,
2021-03-08 11:48:28,24.748985,,,,,,,,,
2021-03-08 11:48:28,,59,,,,,,,,
2021-03-08 11:43:28,,,33.040001,,,,,,,
2021-03-08 11:43:28,24.722282,,,,,,,,,
2021-03-08 11:43:28,,59,,,,,,,,
2021-03-08 11:38:28,,,95.279999,,,,,,,
2021-03-08 11:38:28,,58,,,,,,,,
2021-03-08 11:38:28,24.692909,,,,,,,,,
2021-03-08 11:33:28,,,92.199997,,,,,,,
2021-03-08 11:33:28,,59,,,,,,,,
2021-03-08 11:33:28,24.666206,,,,,,,,,
2021-03-08 11:28:28,24.636833,,,,,,,,,
2021-03-08 11:28:28,,,20.529999,,,,,,,
2021-03-08 11:28:28,,59,,,,,,,,
2021-03-08 11:23:28,,59,,,,,,,,
2021-03-08 11:23:28,24.580757,,,,,,,,,
2021-03-08 11:23:28,,,21.189999,,,,,,,
2021-03-08 11:18:28,,60,,,,,,,,
2021-03-08 11:18:28,,,39.879997,,,,,,,
2021-03-08 11:18:28,24.580757,,,,,,,,,
2021-03-08 11:13:28,,60,,,,,,,,
2021-03-08 11:13:28,,,28.779999,,,,,,,
2021-03-08 11:13:28,24.51133,,,,,,,,,
2021-03-08 11:08:28,,61,,,,,,,,
2021-03-08 11:08:28,24.455254,,,,,,,,,
2021-03-08 11:08:28,,,91.279999,,,,,,,
2021-03-08 11:03:28,,,89.839996,,,,,,,
2021-03-08 11:03:28,,61,,,,,,,,
2021-03-08 11:03:28,24.356453,,,,,,,,,
2021-03-08 10:58:28,,61,,,,,,,,
2021-03-08 10:58:28,,,95.159996,,,,,,,
2021-03-08 10:58:28,24.268333,,,,,,,,,
2021-03-08 10:53:28,24.198898,,,,,,,,,
2021-03-08 10:53:28,,,20.459999,,,,,,,
2021-03-08 10:53:28,,61,,,,,,,,
2021-03-08 10:53:17,,,,5.721018,,,,,,
2021-03-08 10:48:28,,,20.699999,,,,,,,
2021-03-08 10:48:28,24.100098,,,,,,,,,
2021-03-08 10:48:28,,62,,,,,,,,
2021-03-08 10:43:28,,61,,,,,,,,
2021-03-08 10:43:28,,,87.360001,,,,,,,
2021-03-08 10:43:28,24.014648,,,,,,,,,
2021-03-08 10:38:28,,,22.559999,,,,,,,
2021-03-08 10:38:28,,61,,,,,,,,
2021-03-08 10:38:28,23.889145,,,,,,,,,
2021-03-08 10:33:28,,60,,,,,,,,
2021-03-08 10:33:28,23.803696,,,,,,,,,
2021-03-08 10:33:28,,,85.879997,,,,,,,
2021-03-08 10:28:28,23.688866,,,,,,,,,
2021-03-08 10:28:28,,,27.549999,,,,,,,
2021-03-08 10:28:28,,60,,,,,,,,
2021-03-08 10:23:28,,,46.34,,,,,,,
2021-03-08 10:23:28,23.576714,,,,,,,,,
2021-03-08 10:23:28,,60,,,,,,,,
2021-03-08 10:18:28,23.421837,,,,,,,,,
2021-03-08 10:18:28,,59,,,,,,,,
2021-03-08 10:18:28,,,36.579998,,,,,,,
2021-03-08 10:13:28,23.339058,,,,,,,,,
2021-03-08 10:13:28,,58,,,,,,,,
2021-03-08 10:13:28,,,82.040001,,,,,,,
2021-03-08 10:08:28,23.339058,,,,,,,,,
2021-03-08 10:08:28,,,79.799995,,,,,,,
2021-03-08 10:08:28,,58,,,,,,,,
2021-03-08 10:03:28,23.309685,,,,,,,,,
2021-03-08 10:03:28,,58,,,,,,,,
2021-03-08 10:03:28,,,76.879997,,,,,,,
2021-03-08 09:58:28,,,56.139999,,,,,,,
2021-03-08 09:58:28,,58,,,,,,,,
2021-03-08 09:58:28,23.323036,,,,,,,,,
2021-03-08 09:53:28,,58,,,,,,,,
2021-03-08 09:53:28,,,75.400002,,,,,,,
2021-03-08 09:53:28,23.352409,,,,,,,,,
2021-03-08 09:48:28,,,72.099998,,,,,,,
2021-03-08 09:48:28,,58,,,,,,,,
2021-03-08 09:48:28,23.408485,,,,,,,,,
2021-03-08 09:43:28,,,70.979996,,,,,,,
2021-03-08 09:43:28,23.464561,,,,,,,,,
2021-03-08 09:43:28,,58,,,,,,,,
2021-03-08 09:38:28,23.507286,,,,,,,,,
2021-03-08 09:38:28,,58,,,,,,,,
2021-03-08 09:38:28,,,66.900002,,,,,,,
2021-03-08 09:33:28,,58,,,,,,,,
2021-03-08 09:33:28,23.563362,,,,,,,,,
2021-03-08 09:33:28,,,65.699997,,,,,,,
2021-03-08 09:28:28,23.675514,,,,,,,,,
2021-03-08 09:28:28,,58,,,,,,,,
2021-03-08 09:28:28,,,64.279999,,,,,,,
2021-03-08 09:23:28,,58,,,,,,,,
2021-03-08 09:23:28,23.763641,,,,,,,,,
2021-03-08 09:23:28,,,60.699997,,,,,,,
2021-03-08 09:18:28,,58,,,,,,,,
2021-03-08 09:18:28,,,60.439999,,,,,,,
2021-03-08 09:18:28,23.918518,,,,,,,,,
2021-03-08 09:13:28,,58,,,,,,,,
2021-03-08 09:13:28,,,58.459999,,,,,,,
2021-03-08 09:13:28,24.03067,,,,,,,,,
2021-03-08 09:08:28,,58,,,,,,,,
2021-03-08 09:08:28,,,57.539997,,,,,,,
2021-03-08 09:08:28,24.225601,,,,,,,,,
2021-03-08 09:03:28,,,56.699997,,,,,,,
2021-03-08 09:03:28,,58,,,,,,,,
2021-03-08 09:03:27,24.42588,,,,,,,,,
2021-03-08 08:58:27,,,55.439999,,,,,,,
2021-03-08 08:58:27,24.61013,,,,,,,,,
2021-03-08 08:58:27,,58,,,,,,,,
2021-03-08 08:53:27,,58,,,,,,,,
2021-03-08 08:53:27,,,54.259998,,,,,,,
2021-03-08 08:53:27,24.834442,,,,,,,,,
2021-03-08 08:48:27,,58,,,,,,,,
2021-03-08 08:48:27,25.034714,,,,,,,,,
2021-03-08 08:48:27,,,49.52,,,,,,,
2021-03-08 08:43:27,,60,,,,,,,,
2021-03-08 08:43:27,,,43.799999,,,,,,,
2021-03-08 08:43:27,25.259026,,,,,,,,,
2021-03-08 08:38:27,25.48333,,,,,,,,,
2021-03-08 08:38:27,,,37.75,,,,,,,
2021-03-08 08:38:27,,60,,,,,,,,
2021-03-08 08:33:27,25.683601,,,,,,,,,
2021-03-08 08:33:27,,61,,,,,,,,
2021-03-08 08:33:27,,,31.429998,,,,,,,
2021-03-08 08:28:27,,,26.639999,,,,,,,
2021-03-08 08:28:27,,62,,,,,,,,
2021-03-08 08:28:27,25.950638,,,,,,,,,
2021-03-08 08:23:27,26.148239,,,,,,,,,
2021-03-08 08:23:27,,,19.949999,,,,,,,
2021-03-08 08:23:27,,63,,,,,,,,
2021-03-08 08:18:27,,64,,,,,,,,
2021-03-08 08:18:27,26.332497,,,,,,,,,
2021-03-08 08:18:27,,,22.519999,,,,,,,
2021-03-08 08:13:27,,65,,,,,,,,
2021-03-08 08:13:27,,,21.09,,,,,,,
2021-03-08 08:13:27,26.516747,,,,,,,,,
2021-03-08 08:08:27,,,12.2,,,,,,,
2021-03-08 08:08:27,,68,,,,,,,,
2021-03-08 08:08:27,26.628899,,,,,,,,,
2021-03-08 08:03:27,,70,,,,,,,,
2021-03-08 08:03:27,26.714348,,,,,,,,,
2021-03-08 08:03:27,,,10.389999,,,,,,,
2021-03-08 07:58:27,,,8.76,,,,,,,
2021-03-08 07:58:27,26.75708,,,,,,,,,
2021-03-08 07:58:27,,70,,,,,,,,
2021-03-08 07:53:27,26.741051,,,,,,,,,
2021-03-08 07:53:27,,,7.27,,,,,,,
2021-03-08 07:53:27,,70,,,,,,,,
2021-03-08 07:53:17,,,,5.720483,,,,,,
2021-03-08 07:48:27,26.741051,,,,,,,,,
2021-03-08 07:48:27,,,5.77,,,,,,,
2021-03-08 07:48:27,,70,,,,,,,,
2021-03-08 07:43:27,,70,,,,,,,,
2021-03-08 07:43:27,26.714348,,,,,,,,,
2021-03-08 07:43:27,,,4.09,,,,,,,
2021-03-08 07:38:27,,,3.21,,,,,,,
2021-03-08 07:38:27,26.684975,,,,,,,,,
2021-03-08 07:38:27,,70,,,,,,,,
2021-03-08 07:33:27,,70,,,,,,,,
2021-03-08 07:33:27,,,2.44,,,,,,,
2021-03-08 07:33:27,26.698326,,,,,,,,,
2021-03-08 07:28:27,26.698326,,,,,,,,,
2021-03-08 07:28:27,,,1.91,,,,,,,
2021-03-08 07:28:27,,70,,,,,,,,
2021-03-08 07:23:27,,69,,,,,,,,
2021-03-08 07:23:27,,,1.42,,,,,,,
2021-03-08 07:23:27,26.671623,,,,,,,,,
2021-03-08 07:18:27,,,0.95,,,,,,,
2021-03-08 07:18:27,,69,,,,,,,,
2021-03-08 07:18:27,26.671623,,,,,,,,,
2021-03-08 07:13:27,,69,,,,,,,,
2021-03-08 07:13:27,,,0.5,,,,,,,
2021-03-08 07:13:27,26.655602,,,,,,,,,
2021-03-08 07:08:27,,69,,,,,,,,
2021-03-08 07:08:27,,,0.26,,,,,,,
2021-03-08 07:08:27,26.655602,,,,,,,,,
2021-03-08 07:03:27,26.655602,,,,,,,,,
2021-03-08 07:03:27,,69,,,,,,,,
2021-03-08 07:03:27,,,0.1,,,,,,,
2021-03-08 06:58:27,26.628899,,,,,,,,,
2021-03-08 06:58:27,,,0.03,,,,,,,
2021-03-08 06:58:27,,68,,,,,,,,
2021-03-08 06:53:27,,,0.03,,,,,,,
2021-03-08 06:53:27,26.628899,,,,,,,,,
2021-03-08 06:53:27,,68,,,,,,,,
2021-03-08 06:48:27,,,0.01,,,,,,,
2021-03-08 06:48:27,,68,,,,,,,,
2021-03-08 06:48:27,26.628899,,,,,,,,,
2021-03-08 06:43:27,26.628899,,,,,,,,,
2021-03-08 06:43:27,,68,,,,,,,,
2021-03-08 06:43:27,,,0.03,,,,,,,
2021-03-08 06:38:27,26.64225,,,,,,,,,
2021-03-08 06:38:27,,,0.03,,,,,,,
2021-03-08 06:38:27,,67,,,,,,,,
2021-03-08 06:33:27,,,0.03,,,,,,,
2021-03-08 06:33:27,,67,,,,,,,,
2021-03-08 06:33:27,26.628899,,,,,,,,,
2021-03-08 06:28:27,26.599525,,,,,,,,,
2021-03-08 06:28:27,,,0.02,,,,,,,
2021-03-08 06:28:27,,67,,,,,,,,
2021-03-08 06:23:27,,,0.02,,,,,,,
2021-03-08 06:23:27,,67,,,,,,,,
2021-03-08 06:23:27,26.655602,,,,,,,,,
2021-03-08 06:18:27,,66,,,,,,,,
2021-03-08 06:18:27,,,0.03,,,,,,,
2021-03-08 06:18:27,26.655602,,,,,,,,,
2021-03-08 06:13:27,,68,,,,,,,,
2021-03-08 06:13:27,,,0.03,,,,,,,
2021-03-08 06:13:27,26.799805,,,,,,,,,
2021-03-08 06:08:27,,71,,,,,,,,
2021-03-08 06:08:27,,,0.02,,,,,,,
2021-03-08 06:08:27,26.94133,,,,,,,,,
2021-03-08 06:03:27,,75,,,,,,,,
2021-03-08 06:03:27,27.040131,,,,,,,,,
2021-03-08 06:03:27,,,0.02,,,,,,,
2021-03-08 05:58:27,27.109558,,,,,,,,,
2021-03-08 05:58:27,,,0.03,,,,,,,
2021-03-08 05:58:27,,76,,,,,,,,
2021-03-08 05:53:27,,,0.03,,,,,,,
2021-03-08 05:53:27,27.096207,,,,,,,,,
2021-03-08 05:53:27,,76,,,,,,,,
2021-03-08 05:48:27,,76,,,,,,,,
2021-03-08 05:48:27,,,0.03,,,,,,,
2021-03-08 05:48:27,27.096207,,,,,,,,,
2021-03-08 05:43:27,,,0.02,,,,,,,
2021-03-08 05:43:27,,76,,,,,,,,
2021-03-08 05:43:27,27.109558,,,,,,,,,
2021-03-08 05:38:27,27.096207,,,,,,,,,
2021-03-08 05:38:27,,76,,,,,,,,
2021-03-08 05:38:27,,,0.02,,,,,,,
2021-03-08 05:33:27,27.12291,,,,,,,,,
2021-03-08 05:33:27,,76,,,,,,,,
2021-03-08 05:33:27,,,0.03,,,,,,,
2021-03-08 05:28:27,,,0.03,,,,,,,
2021-03-08 05:28:27,,76,,,,,,,,
2021-03-08 05:28:27,27.138931,,,,,,,,,
2021-03-08 05:23:27,27.109558,,,,,,,,,
2021-03-08 05:23:27,,,0.02,,,,,,,
2021-03-08 05:23:27,,76,,,,,,,,
2021-03-08 05:18:27,,,0.02,,,,,,,
2021-03-08 05:18:27,,76,,,,,,,,
2021-03-08 05:18:27,27.096207,,,,,,,,,
2021-03-08 05:13:27,,76,,,,,,,,
2021-03-08 05:13:27,,,0.03,,,,,,,
2021-03-08 05:13:27,27.096207,,,,,,,,,
2021-03-08 05:08:27,,76,,,,,,,,
2021-03-08 05:08:27,,,0.03,,,,,,,
2021-03-08 05:08:27,27.096207,,,,,,,,,
2021-03-08 05:03:27,,76,,,,,,,,
2021-03-08 05:03:27,,,0.03,,,,,,,
2021-03-08 05:03:27,27.096207,,,,,,,,,
2021-03-08 04:58:27,,76,,,,,,,,
2021-03-08 04:58:27,27.12291,,,,,,,,,
2021-03-08 04:58:27,,,0.02,,,,,,,
2021-03-08 04:53:27,27.12291,,,,,,,,,
2021-03-08 04:53:27,,,0.02,,,,,,,
2021-03-08 04:53:27,,76,,,,,,,,
2021-03-08 04:53:17,,,,5.73065,,,,,,
2021-03-08 04:48:27,,76,,,,,,,,
2021-03-08 04:48:27,,,0.03,,,,,,,
2021-03-08 04:48:27,27.12291,,,,,,,,,
2021-03-08 04:43:27,27.138931,,,,,,,,,
2021-03-08 04:43:27,,76,,,,,,,,
2021-03-08 04:43:27,,,0.03,,,,,,,
2021-03-08 04:38:27,27.12291,,,,,,,,,
2021-03-08 04:38:27,,76,,,,,,,,
2021-03-08 04:38:27,,,0.02,,,,,,,
2021-03-08 04:33:27,27.12291,,,,,,,,,
2021-03-08 04:33:27,,,0.02,,,,,,,
2021-03-08 04:33:27,,76,,,,,,,,
2021-03-08 04:28:27,,,0.02,,,,,,,
2021-03-08 04:28:27,,76,,,,,,,,
2021-03-08 04:28:27,27.109558,,,,,,,,,
2021-03-08 04:23:27,,76,,,,,,,,
2021-03-08 04:23:27,27.138931,,,,,,,,,
2021-03-08 04:23:27,,,0.03,,,,,,,
2021-03-08 04:18:27,,76,,,,,,,,
2021-03-08 04:18:27,,,0.03,,,,,,,
2021-03-08 04:18:27,27.109558,,,,,,,,,
2021-03-08 04:13:27,27.109558,,,,,,,,,
2021-03-08 04:13:27,,,0.02,,,,,,,
2021-03-08 04:13:27,,76,,,,,,,,
2021-03-08 04:08:27,,76,,,,,,,,
2021-03-08 04:08:27,,,0.02,,,,,,,
2021-03-08 04:08:27,27.138931,,,,,,,,,
2021-03-08 04:03:27,,,0.03,,,,,,,
2021-03-08 04:03:27,,76,,,,,,,,
2021-03-08 04:03:27,27.109558,,,,,,,,,
2021-03-08 03:58:27,27.096207,,,,,,,,,
2021-03-08 03:58:27,,,0.03,,,,,,,
2021-03-08 03:58:27,,76,,,,,,,,
2021-03-08 03:53:27,,76,,,,,,,,
2021-03-08 03:53:27,27.12291,,,,,,,,,
2021-03-08 03:53:27,,,0.02,,,,,,,
2021-03-08 03:48:27,,76,,,,,,,,
2021-03-08 03:48:27,,,0.02,,,,,,,
2021-03-08 03:48:27,27.109558,,,,,,,,,
2021-03-08 03:43:27,,,0.03,,,,,,,
2021-03-08 03:43:27,27.12291,,,,,,,,,
2021-03-08 03:43:27,,76,,,,,,,,
2021-03-08 03:38:27,,,0.03,,,,,,,
2021-03-08 03:38:27,,76,,,,,,,,
2021-03-08 03:38:27,27.12291,,,,,,,,,
2021-03-08 03:33:27,,,0.03,,,,,,,
2021-03-08 03:33:27,27.109558,,,,,,,,,
2021-03-08 03:33:27,,76,,,,,,,,
2021-03-08 03:28:27,27.12291,,,,,,,,,
2021-03-08 03:28:27,,,0.02,,,,,,,
2021-03-08 03:28:27,,76,,,,,,,,
2021-03-08 03:23:27,,76,,,,,,,,
2021-03-08 03:23:26,27.138931,,,,,,,,,
2021-03-08 03:23:26,,,0.02,,,,,,,
2021-03-08 03:18:26,,,0.03,,,,,,,
2021-03-08 03:18:26,,76,,,,,,,,
2021-03-08 03:18:26,27.138931,,,,,,,,,
2021-03-08 03:13:26,,76,,,,,,,,
2021-03-08 03:13:26,,,0.03,,,,,,,
2021-03-08 03:13:26,27.138931,,,,,,,,,
2021-03-08 03:08:26,,,0.02,,,,,,,
2021-03-08 03:08:26,,76,,,,,,,,
2021-03-08 03:08:26,27.138931,,,,,,,,,
2021-03-08 03:03:26,,,0.02,,,,,,,
2021-03-08 03:03:26,27.138931,,,,,,,,,
2021-03-08 03:03:26,,76,,,,,,,,
2021-03-08 02:58:26,27.138931,,,,,,,,,
2021-03-08 02:58:26,,76,,,,,,,,
2021-03-08 02:58:26,,,0.03,,,,,,,
2021-03-08 02:53:26,,76,,,,,,,,
2021-03-08 02:53:26,27.138931,,,,,,,,,
2021-03-08 02:53:26,,,0.03,,,,,,,
2021-03-08 02:48:26,27.138931,,,,,,,,,
2021-03-08 02:48:26,,76,,,,,,,,
2021-03-08 02:48:26,,,0.03,,,,,,,
2021-03-08 02:43:26,,76,,,,,,,,
2021-03-08 02:43:26,27.138931,,,,,,,,,
2021-03-08 02:43:26,,,0.02,,,,,,,
2021-03-08 02:38:26,,76,,,,,,,,
2021-03-08 02:38:26,,,0.02,,,,,,,
2021-03-08 02:38:26,27.138931,,,,,,,,,
2021-03-08 02:33:26,,76,,,,,,,,
2021-03-08 02:33:26,,,0.03,,,,,,,
2021-03-08 02:33:26,27.165634,,,,,,,,,
2021-03-08 02:28:26,,76,,,,,,,,
2021-03-08 02:28:26,,,0.03,,,,,,,
2021-03-08 02:28:26,27.165634,,,,,,,,,
2021-03-08 02:23:26,,,0.02,,,,,,,
2021-03-08 02:23:26,,76,,,,,,,,
2021-03-08 02:23:26,27.152283,,,,,,,,,
2021-03-08 02:18:26,27.152283,,,,,,,,,
2021-03-08 02:18:26,,76,,,,,,,,
2021-03-08 02:18:26,,,0.02,,,,,,,
2021-03-08 02:13:26,,,0.03,,,,,,,
2021-03-08 02:13:26,,76,,,,,,,,
2021-03-08 02:13:26,27.152283,,,,,,,,,
2021-03-08 02:08:26,,76,,,,,,,,
2021-03-08 02:08:26,27.195007,,,,,,,,,
2021-03-08 02:08:26,,,0.03,,,,,,,
2021-03-08 02:03:26,,76,,,,,,,,
2021-03-08 02:03:26,,,0.03,,,,,,,
2021-03-08 02:03:26,27.165634,,,,,,,,,
2021-03-08 01:58:26,27.152283,,,,,,,,,
2021-03-08 01:58:26,,,0.02,,,,,,,
2021-03-08 01:58:26,,76,,,,,,,,
2021-03-08 01:53:26,,76,,,,,,,,
2021-03-08 01:53:26,,,0.02,,,,,,,
2021-03-08 01:53:26,27.12291,,,,,,,,,
2021-03-08 01:53:17,,,,5.743493,,,,,,
2021-03-08 01:48:26,27.165634,,,,,,,,,
2021-03-08 01:48:26,,76,,,,,,,,
2021-03-08 01:48:26,,,0.02,,,,,,,
2021-03-08 01:43:26,27.165634,,,,,,,,,
2021-03-08 01:43:26,,,0.03,,,,,,,
2021-03-08 01:43:26,,76,,,,,,,,
2021-03-08 01:38:26,,76,,,,,,,,
2021-03-08 01:38:26,27.178986,,,,,,,,,
2021-03-08 01:38:26,,,0.02,,,,,,,
2021-03-08 01:33:26,,76,,,,,,,,
2021-03-08 01:33:26,,,0.02,,,,,,,
2021-03-08 01:33:26,27.152283,,,,,,,,,
2021-03-08 01:28:26,,,0.03,,,,,,,
2021-03-08 01:28:26,,76,,,,,,,,
2021-03-08 01:28:26,27.178986,,,,,,,,,
2021-03-08 01:23:26,,76,,,,,,,,
2021-03-08 01:23:26,27.165634,,,,,,,,,
2021-03-08 01:23:26,,,0.03,,,,,,,
2021-03-08 01:18:26,,,0.03,,,,,,,
2021-03-08 01:18:26,27.195007,,,,,,,,,
2021-03-08 01:18:26,,76,,,,,,,,
2021-03-08 01:13:26,27.195007,,,,,,,,,
2021-03-08 01:13:26,,,0.02,,,,,,,
2021-03-08 01:13:26,,76,,,,,,,,
2021-03-08 01:08:26,,,0.02,,,,,,,
2021-03-08 01:08:26,,76,,,,,,,,
2021-03-08 01:08:26,27.178986,,,,,,,,,
2021-03-08 01:03:26,,76,,,,,,,,
2021-03-08 01:03:26,27.195007,,,,,,,,,
2021-03-08 01:03:26,,,0.03,,,,,,,
2021-03-08 00:58:26,,76,,,,,,,,
2021-03-08 00:58:26,,,0.03,,,,,,,
2021-03-08 00:58:26,27.178986,,,,,,,,,
2021-03-08 00:53:26,27.195007,,,,,,,,,
2021-03-08 00:53:26,,,0.02,,,,,,,
2021-03-08 00:53:26,,76,,,,,,,,
2021-03-08 00:48:26,,76,,,,,,,,
2021-03-08 00:48:26,,,0.02,,,,,,,
2021-03-08 00:48:26,27.178986,,,,,,,,,
2021-03-08 00:43:26,,,0.03,,,,,,,
2021-03-08 00:43:26,,76,,,,,,,,
2021-03-08 00:43:26,27.208359,,,,,,,,,
2021-03-08 00:38:26,27.208359,,,,,,,,,
2021-03-08 00:38:26,,,0.03,,,,,,,
2021-03-08 00:38:26,,76,,,,,,,,
2021-03-08 00:33:26,,76,,,,,,,,
2021-03-08 00:33:26,27.208359,,,,,,,,,
2021-03-08 00:33:26,,,0.03,,,,,,,
2021-03-08 00:28:26,,76,,,,,,,,
2021-03-08 00:28:26,,,0.02,,,,,,,
2021-03-08 00:28:26,27.195007,,,,,,,,,
2021-03-08 00:23:26,,,0.02,,,,,,,
2021-03-08 00:23:26,27.22171,,,,,,,,,
2021-03-08 00:23:26,,77,,,,,,,,
2021-03-08 00:18:26,,76,,,,,,,,
2021-03-08 00:18:26,,,0.03,,,,,,,
2021-03-08 00:18:26,27.208359,,,,,,,,,
2021-03-08 00:13:26,,,0.03,,,,,,,
2021-03-08 00:13:26,27.208359,,,,,,,,,
2021-03-08 00:13:26,,76,,,,,,,,
2021-03-08 00:08:26,27.195007,,,,,,,,,
2021-03-08 00:08:26,,77,,,,,,,,
2021-03-08 00:08:26,,,0.02,,,,,,,
2021-03-08 00:03:26,,,0.02,,,,,,,
2021-03-08 00:03:26,27.22171,,,,,,,,,
2021-03-08 00:03:26,,76,,,,,,,,
2021-03-07 23:58:26,,77,,,,,,,,
2021-03-07 23:58:26,,,0.02,,,,,,,
2021-03-07 23:58:26,27.208359,,,,,,,,,
2021-03-07 23:53:26,,,0.03,,,,,,,
2021-03-07 23:53:26,27.22171,,,,,,,,,
2021-03-07 23:53:26,,77,,,,,,,,
2021-03-07 23:48:26,,,0.02,,,,,,,
2021-03-07 23:48:26,,77,,,,,,,,
2021-03-07 23:48:26,27.22171,,,,,,,,,
2021-03-07 23:43:26,,77,,,,,,,,
2021-03-07 23:43:26,27.208359,,,,,,,,,
2021-03-07 23:43:26,,,0.02,,,,,,,
2021-03-07 23:38:26,,,0.02,,,,,,,
2021-03-07 23:38:26,,77,,,,,,,,
2021-03-07 23:38:26,27.22171,,,,,,,,,
2021-03-07 23:33:26,,,0.03,,,,,,,
2021-03-07 23:33:26,27.195007,,,,,,,,,
2021-03-07 23:33:26,,76,,,,,,,,
2021-03-07 23:28:26,,77,,,,,,,,
2021-03-07 23:28:26,27.195007,,,,,,,,,
2021-03-07 23:28:26,,,0.03,,,,,,,
2021-03-07 23:23:26,,77,,,,,,,,
2021-03-07 23:23:26,,,0.02,,,,,,,
2021-03-07 23:23:26,27.22171,,,,,,,,,
2021-03-07 23:18:26,,77,,,,,,,,
2021-03-07 23:18:26,,,0.02,,,,,,,
2021-03-07 23:18:26,27.208359,,,,,,,,,
2021-03-07 23:13:26,,77,,,,,,,,
2021-03-07 23:13:26,,,0.02,,,,,,,
2021-03-07 23:13:26,27.208359,,,,,,,,,
2021-03-07 23:08:26,,,0.03,,,,,,,
2021-03-07 23:08:26,27.235062,,,,,,,,,
2021-03-07 23:08:26,,77,,,,,,,,
2021-03-07 23:03:26,27.208359,,,,,,,,,
2021-03-07 23:03:26,,,0.03,,,,,,,
2021-03-07 23:03:26,,77,,,,,,,,
2021-03-07 22:58:26,27.251091,,,,,,,,,
2021-03-07 22:58:26,,77,,,,,,,,
2021-03-07 22:58:26,,,0.03,,,,,,,
2021-03-07 22:53:26,,77,,,,,,,,
2021-03-07 22:53:26,,,0.03,,,,,,,
2021-03-07 22:53:26,27.22171,,,,,,,,,
2021-03-07 22:53:17,,,,5.751519,,,,,,
2021-03-07 22:48:26,,,0.03,,,,,,,
2021-03-07 22:48:26,,77,,,,,,,,
2021-03-07 22:48:26,27.235062,,,,,,,,,
2021-03-07 22:43:26,,,0.04,,,,,,,
2021-03-07 22:43:26,,76,,,,,,,,
2021-03-07 22:43:26,27.208359,,,,,,,,,
2021-03-07 22:38:26,,77,,,,,,,,
2021-03-07 22:38:26,,,0.03,,,,,,,
2021-03-07 22:38:26,27.208359,,,,,,,,,
2021-03-07 22:33:26,27.208359,,,,,,,,,
2021-03-07 22:33:26,,,0.03,,,,,,,
2021-03-07 22:33:26,,77,,,,,,,,
2021-03-07 22:28:26,,76,,,,,,,,
2021-03-07 22:28:26,,,0.03,,,,,,,
2021-03-07 22:28:26,27.208359,,,,,,,,,
2021-03-07 22:23:26,,,0.03,,,,,,,
2021-03-07 22:23:26,,76,,,,,,,,
2021-03-07 22:23:26,27.22171,,,,,,,,,
2021-03-07 22:18:26,,,0.04,,,,,,,
2021-03-07 22:18:26,27.22171,,,,,,,,,
2021-03-07 22:18:26,,77,,,,,,,,
2021-03-07 22:13:26,27.235062,,,,,,,,,
2021-03-07 22:13:26,,77,,,,,,,,
2021-03-07 22:13:26,,,0.03,,,,,,,
2021-03-07 22:08:26,,,0.02,,,,,,,
2021-03-07 22:08:26,,76,,,,,,,,
2021-03-07 22:08:26,27.195007,,,,,,,,,
2021-03-07 22:03:26,,76,,,,,,,,
2021-03-07 22:03:26,,,0.03,,,,,,,
2021-03-07 22:03:26,27.235062,,,,,,,,,
2021-03-07 21:58:26,,,0.04,,,,,,,
2021-03-07 21:58:26,,76,,,,,,,,
2021-03-07 21:58:26,27.22171,,,,,,,,,
2021-03-07 21:53:26,,,0.03,,,,,,,
2021-03-07 21:53:26,27.235062,,,,,,,,,
2021-03-07 21:53:26,,76,,,,,,,,
2021-03-07 21:48:26,,76,,,,,,,,
2021-03-07 21:48:26,,,0.03,,,,,,,
2021-03-07 21:48:25,27.22171,,,,,,,,,
2021-03-07 21:43:25,,76,,,,,,,,
2021-03-07 21:43:25,,,0.03,,,,,,,
2021-03-07 21:43:25,27.235062,,,,,,,,,
2021-03-07 21:38:25,,,0.03,,,,,,,
2021-03-07 21:38:25,,76,,,,,,,,
2021-03-07 21:38:25,27.22171,,,,,,,,,
2021-03-07 21:33:25,,76,,,,,,,,
2021-03-07 21:33:25,27.22171,,,,,,,,,
2021-03-07 21:33:25,,,0.04,,,,,,,
2021-03-07 21:28:25,,,0.03,,,,,,,
2021-03-07 21:28:25,,76,,,,,,,,
2021-03-07 21:28:25,27.235062,,,,,,,,,
2021-03-07 21:23:25,,76,,,,,,,,
2021-03-07 21:23:25,,,0.03,,,,,,,
2021-03-07 21:23:25,27.235062,,,,,,,,,
2021-03-07 21:18:25,,76,,,,,,,,
2021-03-07 21:18:25,,,0.03,,,,,,,
2021-03-07 21:18:25,27.235062,,,,,,,,,
2021-03-07 21:13:25,,,0.04,,,,,,,
2021-03-07 21:13:25,,76,,,,,,,,
2021-03-07 21:13:25,27.235062,,,,,,,,,
2021-03-07 21:08:25,,,0.03,,,,,,,
2021-03-07 21:08:25,27.235062,,,,,,,,,
2021-03-07 21:08:25,,76,,,,,,,,
2021-03-07 21:03:25,27.22171,,,,,,,,,
2021-03-07 21:03:25,,76,,,,,,,,
2021-03-07 21:03:25,,,0.03,,,,,,,
2021-03-07 20:58:25,,77,,,,,,,,
2021-03-07 20:58:25,,,0.03,,,,,,,
2021-03-07 20:58:25,27.22171,,,,,,,,,
2021-03-07 20:53:25,,,0.03,,,,,,,
2021-03-07 20:53:25,,76,,,,,,,,
2021-03-07 20:53:25,27.235062,,,,,,,,,
2021-03-07 20:48:25,,76,,,,,,,,
2021-03-07 20:48:25,27.235062,,,,,,,,,
2021-03-07 20:48:25,,,0.03,,,,,,,
2021-03-07 20:43:25,27.195007,,,,,,,,,
2021-03-07 20:43:25,,76,,,,,,,,
2021-03-07 20:43:25,,,0.03,,,,,,,
2021-03-07 20:38:25,,76,,,,,,,,
2021-03-07 20:38:25,27.22171,,,,,,,,,
2021-03-07 20:38:25,,,0.03,,,,,,,
2021-03-07 20:33:25,,76,,,,,,,,
2021-03-07 20:33:25,,,0.03,,,,,,,
2021-03-07 20:33:25,27.208359,,,,,,,,,
2021-03-07 20:28:25,27.208359,,,,,,,,,
2021-03-07 20:28:25,,,0.04,,,,,,,
2021-03-07 20:28:25,,76,,,,,,,,
2021-03-07 20:23:25,,76,,,,,,,,
2021-03-07 20:23:25,,,0.03,,,,,,,
2021-03-07 20:23:25,27.22171,,,,,,,,,
2021-03-07 20:18:25,,,0.02,,,,,,,
2021-03-07 20:18:25,,76,,,,,,,,
2021-03-07 20:18:25,27.208359,,,,,,,,,
2021-03-07 20:13:25,27.22171,,,,,,,,,
2021-03-07 20:13:25,,76,,,,,,,,
2021-03-07 20:13:25,,,0.03,,,,,,,
2021-03-07 20:08:25,,76,,,,,,,,
2021-03-07 20:08:25,27.22171,,,,,,,,,
2021-03-07 20:08:25,,,0.04,,,,,,,
2021-03-07 20:03:25,,,0.03,,,,,,,
2021-03-07 20:03:25,,76,,,,,,,,
2021-03-07 20:03:25,27.22171,,,,,,,,,
2021-03-07 19:58:25,,76,,,,,,,,
2021-03-07 19:58:25,,,0.03,,,,,,,
2021-03-07 19:58:25,27.208359,,,,,,,,,
2021-03-07 19:53:25,27.22171,,,,,,,,,
2021-03-07 19:53:25,,,0.03,,,,,,,
2021-03-07 19:53:25,,76,,,,,,,,
2021-03-07 19:53:17,,,,5.767039,,,,,,
2021-03-07 19:48:25,,76,,,,,,,,
2021-03-07 19:48:25,,,0.03,,,,,,,
2021-03-07 19:48:25,27.208359,,,,,,,,,
2021-03-07 19:43:25,,76,,,,,,,,
2021-03-07 19:43:25,,,0.03,,,,,,,
2021-03-07 19:43:25,27.195007,,,,,,,,,
2021-03-07 19:38:25,,76,,,,,,,,
2021-03-07 19:38:25,,,0.03,,,,,,,
2021-03-07 19:38:25,27.208359,,,,,,,,,
2021-03-07 19:33:25,27.195007,,,,,,,,,
2021-03-07 19:33:25,,76,,,,,,,,
2021-03-07 19:33:25,,,0.03,,,,,,,
2021-03-07 19:28:25,,76,,,,,,,,
2021-03-07 19:28:25,27.208359,,,,,,,,,
2021-03-07 19:28:25,,,0.05,,,,,,,
2021-03-07 19:23:25,27.208359,,,,,,,,,
2021-03-07 19:23:25,,76,,,,,,,,
2021-03-07 19:23:25,,,0.08,,,,,,,
2021-03-07 19:18:25,,76,,,,,,,,
2021-03-07 19:18:25,27.22171,,,,,,,,,
2021-03-07 19:18:25,,,0.12,,,,,,,
2021-03-07 19:13:25,,76,,,,,,,,
2021-03-07 19:13:25,,,0.2,,,,,,,
2021-03-07 19:13:25,27.235062,,,,,,,,,
2021-03-07 19:08:25,27.22171,,,,,,,,,
2021-03-07 19:08:25,,,0.35,,,,,,,
2021-03-07 19:08:25,,76,,,,,,,,
2021-03-07 19:03:25,27.235062,,,,,,,,,
2021-03-07 19:03:25,,76,,,,,,,,
2021-03-07 19:03:25,,,0.52,,,,,,,
2021-03-07 18:58:25,27.22171,,,,,,,,,
2021-03-07 18:58:25,,,0.71,,,,,,,
2021-03-07 18:58:25,,76,,,,,,,,
2021-03-07 18:53:25,27.208359,,,,,,,,,
2021-03-07 18:53:25,,,0.87,,,,,,,
2021-03-07 18:53:25,,76,,,,,,,,
2021-03-07 18:48:25,,,1.02,,,,,,,
2021-03-07 18:48:25,,76,,,,,,,,
2021-03-07 18:48:25,27.208359,,,,,,,,,
2021-03-07 18:43:25,,76,,,,,,,,
2021-03-07 18:43:25,27.22171,,,,,,,,,
2021-03-07 18:43:25,,,1.19,,,,,,,
2021-03-07 18:38:25,,76,,,,,,,,
2021-03-07 18:38:25,,,1.38,,,,,,,
2021-03-07 18:38:25,27.22171,,,,,,,,,
2021-03-07 18:33:25,,76,,,,,,,,
2021-03-07 18:33:25,,,1.6,,,,,,,
2021-03-07 18:33:25,27.208359,,,,,,,,,
2021-03-07 18:28:25,27.178986,,,,,,,,,
2021-03-07 18:28:25,,,1.87,,,,,,,
2021-03-07 18:28:25,,76,,,,,,,,
2021-03-07 18:23:25,,76,,,,,,,,
2021-03-07 18:23:25,,,2.35,,,,,,,
2021-03-07 18:23:25,27.195007,,,,,,,,,
2021-03-07 18:18:25,,76,,,,,,,,
2021-03-07 18:18:25,,,2.75,,,,,,,
2021-03-07 18:18:25,27.178986,,,,,,,,,
2021-03-07 18:13:25,,,2.84,,,,,,,
2021-03-07 18:13:25,,76,,,,,,,,
2021-03-07 18:13:25,27.195007,,,,,,,,,
2021-03-07 18:08:25,27.22171,,,,,,,,,
2021-03-07 18:08:25,,,2.69,,,,,,,
2021-03-07 18:08:25,,76,,,,,,,,
2021-03-07 18:03:25,,,2.5,,,,,,,
2021-03-07 18:03:25,27.22171,,,,,,,,,
2021-03-07 18:03:25,,76,,,,,,,,
2021-03-07 17:58:25,27.208359,,,,,,,,,
2021-03-07 17:58:25,,76,,,,,,,,
2021-03-07 17:58:25,,,2.41,,,,,,,
2021-03-07 17:53:25,27.208359,,,,,,,,,
2021-03-07 17:53:25,,,2.6,,,,,,,
2021-03-07 17:53:25,,76,,,,,,,,
2021-03-07 17:48:25,,76,,,,,,,,
2021-03-07 17:48:25,,,2.87,,,,,,,
2021-03-07 17:48:25,27.208359,,,,,,,,,
2021-03-07 17:43:25,,,3.03,,,,,,,
2021-03-07 17:43:25,27.195007,,,,,,,,,
2021-03-07 17:43:25,,76,,,,,,,,
2021-03-07 17:38:25,,76,,,,,,,,
2021-03-07 17:38:25,,,2.97,,,,,,,
2021-03-07 17:38:25,27.235062,,,,,,,,,
2021-03-07 17:33:25,,,3.21,,,,,,,
2021-03-07 17:33:25,27.178986,,,,,,,,,
2021-03-07 17:33:25,,76,,,,,,,,
2021-03-07 17:28:25,27.178986,,,,,,,,,
2021-03-07 17:28:25,,,3.98,,,,,,,
2021-03-07 17:28:25,,76,,,,,,,,
2021-03-07 17:23:25,27.235062,,,,,,,,,
2021-03-07 17:23:25,,76,,,,,,,,
2021-03-07 17:23:25,,,4.69,,,,,,,
2021-03-07 17:18:25,,,4.95,,,,,,,
2021-03-07 17:18:25,,76,,,,,,,,
2021-03-07 17:18:25,27.22171,,,,,,,,,
2021-03-07 17:13:25,,76,,,,,,,,
2021-03-07 17:13:25,,,5.01,,,,,,,
2021-03-07 17:13:25,27.22171,,,,,,,,,
2021-03-07 17:08:25,,,4.78,,,,,,,
2021-03-07 17:08:25,,76,,,,,,,,
2021-03-07 17:08:25,27.208359,,,,,,,,,
2021-03-07 17:03:25,,76,,,,,,,,
2021-03-07 17:03:25,,,4.61,,,,,,,
2021-03-07 17:03:25,27.208359,,,,,,,,,
2021-03-07 16:58:25,,,4.69,,,,,,,
2021-03-07 16:58:25,27.22171,,,,,,,,,
2021-03-07 16:58:25,,76,,,,,,,,
2021-03-07 16:53:25,27.235062,,,,,,,,,
2021-03-07 16:53:25,,,4.68,,,,,,,
2021-03-07 16:53:25,,76,,,,,,,,
2021-03-07 16:53:17,,,,5.777741,,,,,,
2021-03-07 16:48:25,,,4.24,,,,,,,
2021-03-07 16:48:25,,76,,,,,,,,
2021-03-07 16:48:25,27.22171,,,,,,,,,
2021-03-07 16:43:25,27.22171,,,,,,,,,
2021-03-07 16:43:25,,76,,,,,,,,
2021-03-07 16:43:25,,,4.02,,,,,,,
2021-03-07 16:38:25,,76,,,,,,,,
2021-03-07 16:38:25,,,3.64,,,,,,,
2021-03-07 16:38:25,27.251091,,,,,,,,,
2021-03-07 16:33:25,,76,,,,,,,,
2021-03-07 16:33:25,27.235062,,,,,,,,,
2021-03-07 16:33:25,,,3.2,,,,,,,
2021-03-07 16:28:25,,76,,,,,,,,
2021-03-07 16:28:25,,,3.47,,,,,,,
2021-03-07 16:28:25,27.235062,,,,,,,,,
2021-03-07 16:23:25,27.235062,,,,,,,,,
2021-03-07 16:23:25,,76,,,,,,,,
2021-03-07 16:23:25,,,3.58,,,,,,,
2021-03-07 16:18:25,,76,,,,,,,,
2021-03-07 16:18:25,,,3.38,,,,,,,
2021-03-07 16:18:25,27.22171,,,,,,,,,
2021-03-07 16:13:25,27.251091,,,,,,,,,
2021-03-07 16:13:25,,76,,,,,,,,
2021-03-07 16:13:25,,,3.14,,,,,,,
2021-03-07 16:08:25,,76,,,,,,,,
2021-03-07 16:08:24,27.251091,,,,,,,,,
2021-03-07 16:08:24,,,1.91,,,,,,,
2021-03-07 16:03:24,27.251091,,,,,,,,,
2021-03-07 16:03:24,,,2.71,,,,,,,
2021-03-07 16:03:24,,76,,,,,,,,
2021-03-07 15:58:24,,,2.02,,,,,,,
2021-03-07 15:58:24,,76,,,,,,,,
2021-03-07 15:58:24,27.235062,,,,,,,,,
2021-03-07 15:53:24,,76,,,,,,,,
2021-03-07 15:53:24,27.22171,,,,,,,,,
2021-03-07 15:53:24,,,3.1,,,,,,,
2021-03-07 15:48:24,,76,,,,,,,,
2021-03-07 15:48:24,,,3.21,,,,,,,
2021-03-07 15:48:24,27.264442,,,,,,,,,
2021-03-07 15:43:24,,76,,,,,,,,
2021-03-07 15:43:24,,,3.27,,,,,,,
2021-03-07 15:43:24,27.264442,,,,,,,,,
2021-03-07 15:38:24,27.277794,,,,,,,,,
2021-03-07 15:38:24,,,1.9,,,,,,,
2021-03-07 15:38:24,,76,,,,,,,,
2021-03-07 15:33:24,,76,,,,,,,,
2021-03-07 15:33:24,,,1.78,,,,,,,
2021-03-07 15:33:24,27.264442,,,,,,,,,
2021-03-07 15:28:24,,76,,,,,,,,
2021-03-07 15:28:24,,,2.4,,,,,,,
2021-03-07 15:28:24,27.264442,,,,,,,,,
2021-03-07 15:23:24,,,1.99,,,,,,,
2021-03-07 15:23:24,,76,,,,,,,,
2021-03-07 15:23:24,27.277794,,,,,,,,,
2021-03-07 15:18:24,27.307167,,,,,,,,,
2021-03-07 15:18:24,,,2.96,,,,,,,
2021-03-07 15:18:24,,76,,,,,,,,
2021-03-07 15:13:24,,,2.93,,,,,,,
2021-03-07 15:13:24,27.307167,,,,,,,,,
2021-03-07 15:13:24,,76,,,,,,,,
2021-03-07 15:08:24,27.293816,,,,,,,,,
2021-03-07 15:08:24,,76,,,,,,,,
2021-03-07 15:08:24,,,1.3,,,,,,,
2021-03-07 15:03:24,27.307167,,,,,,,,,
2021-03-07 15:03:24,,,1.44,,,,,,,
2021-03-07 15:03:24,,76,,,,,,,,
2021-03-07 14:58:24,,76,,,,,,,,
2021-03-07 14:58:24,,,1.03,,,,,,,
2021-03-07 14:58:24,27.293816,,,,,,,,,
2021-03-07 14:53:24,,,1.95,,,,,,,
2021-03-07 14:53:24,,76,,,,,,,,
2021-03-07 14:53:24,27.277794,,,,,,,,,
2021-03-07 14:48:24,,76,,,,,,,,
2021-03-07 14:48:24,27.307167,,,,,,,,,
2021-03-07 14:48:24,,,1.97,,,,,,,
2021-03-07 14:43:24,,,2.03,,,,,,,
2021-03-07 14:43:24,27.307167,,,,,,,,,
2021-03-07 14:43:24,,76,,,,,,,,
2021-03-07 14:38:24,27.33387,,,,,,,,,
2021-03-07 14:38:24,,,2.33,,,,,,,
2021-03-07 14:38:24,,76,,,,,,,,
2021-03-07 14:33:24,,,3.02,,,,,,,
2021-03-07 14:33:24,,76,,,,,,,,
2021-03-07 14:33:24,27.33387,,,,,,,,,
2021-03-07 14:28:24,,76,,,,,,,,
2021-03-07 14:28:24,27.365913,,,,,,,,,
2021-03-07 14:28:24,,,3,,,,,,,
2021-03-07 14:23:24,,76,,,,,,,,
2021-03-07 14:23:24,,,2.53,,,,,,,
2021-03-07 14:23:24,27.392616,,,,,,,,,
2021-03-07 14:18:24,,76,,,,,,,,
2021-03-07 14:18:24,,,2.48,,,,,,,
2021-03-07 14:18:24,27.379265,,,,,,,,,
2021-03-07 14:13:24,27.408638,,,,,,,,,
2021-03-07 14:13:24,,,2.4,,,,,,,
2021-03-07 14:13:24,,75,,,,,,,,
2021-03-07 14:08:24,,75,,,,,,,,
2021-03-07 14:08:24,,,3.08,,,,,,,
2021-03-07 14:08:24,27.408638,,,,,,,,,
2021-03-07 14:03:24,,75,,,,,,,,
2021-03-07 14:03:24,,,2.14,,,,,,,
2021-03-07 14:03:24,27.448692,,,,,,,,,
2021-03-07 13:58:24,,,4.9,,,,,,,
2021-03-07 13:58:24,,75,,,,,,,,
2021-03-07 13:58:24,27.464714,,,,,,,,,
2021-03-07 13:53:24,27.448692,,,,,,,,,
2021-03-07 13:53:24,,,11.349999,,,,,,,
2021-03-07 13:53:24,,75,,,,,,,,
2021-03-07 13:53:17,,,,5.788979,,,,,,
2021-03-07 13:48:24,,75,,,,,,,,
2021-03-07 13:48:24,,,8.03,,,,,,,
2021-03-07 13:48:24,27.491417,,,,,,,,,
2021-03-07 13:43:24,27.52079,,,,,,,,,
2021-03-07 13:43:24,,75,,,,,,,,
2021-03-07 13:43:24,,,10.67,,,,,,,
2021-03-07 13:38:24,27.507439,,,,,,,,,
2021-03-07 13:38:24,,,5.88,,,,,,,
2021-03-07 13:38:24,,75,,,,,,,,
2021-03-07 13:33:24,,75,,,,,,,,
2021-03-07 13:33:24,,,2.56,,,,,,,
2021-03-07 13:33:24,27.563515,,,,,,,,,
2021-03-07 13:28:24,,,1.18,,,,,,,
2021-03-07 13:28:24,,75,,,,,,,,
2021-03-07 13:28:24,27.576866,,,,,,,,,
2021-03-07 13:23:24,,75,,,,,,,,
2021-03-07 13:23:24,27.590218,,,,,,,,,
2021-03-07 13:23:24,,,2.37,,,,,,,
2021-03-07 13:18:24,,,1.41,,,,,,,
2021-03-07 13:18:24,27.619591,,,,,,,,,
2021-03-07 13:18:24,,75,,,,,,,,
2021-03-07 13:13:24,27.646294,,,,,,,,,
2021-03-07 13:13:24,,75,,,,,,,,
2021-03-07 13:13:24,,,5.69,,,,,,,
2021-03-07 13:08:24,,,14,,,,,,,
2021-03-07 13:08:24,27.646294,,,,,,,,,
2021-03-07 13:08:24,,75,,,,,,,,
2021-03-07 13:03:24,27.689018,,,,,,,,,
2021-03-07 13:03:24,,75,,,,,,,,
2021-03-07 13:03:24,,,16.129999,,,,,,,
2021-03-07 12:58:24,27.689018,,,,,,,,,
2021-03-07 12:58:24,,,15.07,,,,,,,
2021-03-07 12:58:24,,75,,,,,,,,
2021-03-07 12:53:24,,75,,,,,,,,
2021-03-07 12:53:24,,,11.469999,,,,,,,
2021-03-07 12:53:24,27.745094,,,,,,,,,
2021-03-07 12:48:24,,,10.58,,,,,,,
2021-03-07 12:48:24,27.758453,,,,,,,,,
2021-03-07 12:48:24,,75,,,,,,,,
2021-03-07 12:43:24,,75,,,,,,,,
2021-03-07 12:43:24,,,10.25,,,,,,,
2021-03-07 12:43:24,27.774475,,,,,,,,,
2021-03-07 12:38:24,,,13.67,,,,,,,
2021-03-07 12:38:24,,75,,,,,,,,
2021-03-07 12:38:24,27.787827,,,,,,,,,
2021-03-07 12:33:24,,75,,,,,,,,
2021-03-07 12:33:24,,,14.589999,,,,,,,
2021-03-07 12:33:24,27.801178,,,,,,,,,
2021-03-07 12:28:24,,,13.79,,,,,,,
2021-03-07 12:28:24,27.843903,,,,,,,,,
2021-03-07 12:28:24,,75,,,,,,,,
2021-03-07 12:23:24,,75,,,,,,,,
2021-03-07 12:23:24,27.857254,,,,,,,,,
2021-03-07 12:23:24,,,14.299999,,,,,,,
2021-03-07 12:18:24,,74,,,,,,,,
2021-03-07 12:18:24,,,13.559999,,,,,,,
2021-03-07 12:18:24,27.843903,,,,,,,,,
2021-03-07 12:13:24,,74,,,,,,,,
2021-03-07 12:13:24,,,16.039999,,,,,,,
2021-03-07 12:13:24,27.857254,,,,,,,,,
2021-03-07 12:08:24,,,33.899998,,,,,,,
2021-03-07 12:08:24,27.899979,,,,,,,,,
2021-03-07 12:08:24,,75,,,,,,,,
2021-03-07 12:03:24,27.886627,,,,,,,,,
2021-03-07 12:03:24,,75,,,,,,,,
2021-03-07 12:03:24,,,38.84,,,,,,,
2021-03-07 11:58:24,27.870605,,,,,,,,,
2021-03-07 11:58:24,,75,,,,,,,,
2021-03-07 11:58:24,,,36.809998,,,,,,,
2021-03-07 11:53:24,27.870605,,,,,,,,,
2021-03-07 11:53:24,,75,,,,,,,,
2021-03-07 11:53:24,,,21.34,,,,,,,
2021-03-07 11:48:24,27.857254,,,,,,,,,
2021-03-07 11:48:24,,75,,,,,,,,
2021-03-07 11:48:24,,,16.539999,,,,,,,
2021-03-07 11:43:24,,75,,,,,,,,
2021-03-07 11:43:24,27.857254,,,,,,,,,
2021-03-07 11:43:24,,,16.559999,,,,,,,
2021-03-07 11:38:24,,,18.190001,,,,,,,
2021-03-07 11:38:24,,75,,,,,,,,
2021-03-07 11:38:24,27.843903,,,,,,,,,
2021-03-07 11:33:24,,75,,,,,,,,
2021-03-07 11:33:24,,,81.720001,,,,,,,
2021-03-07 11:33:24,27.843903,,,,,,,,,
2021-03-07 11:28:24,27.843903,,,,,,,,,
2021-03-07 11:28:24,,,32.25,,,,,,,
2021-03-07 11:28:24,,75,,,,,,,,
2021-03-07 11:23:24,27.801178,,,,,,,,,
2021-03-07 11:23:24,,,40.73,,,,,,,
2021-03-07 11:23:24,,75,,,,,,,,
2021-03-07 11:18:24,,75,,,,,,,,
2021-03-07 11:18:24,,,42.360001,,,,,,,
2021-03-07 11:18:24,27.814529,,,,,,,,,
2021-03-07 11:13:24,27.774475,,,,,,,,,
2021-03-07 11:13:24,,,99,,,,,,,
2021-03-07 11:13:24,,75,,,,,,,,
2021-03-07 11:08:24,,75,,,,,,,,
2021-03-07 11:08:24,,,22.08,,,,,,,
2021-03-07 11:08:24,27.774475,,,,,,,,,
2021-03-07 11:03:24,,,24.439999,,,,,,,
2021-03-07 11:03:24,,76,,,,,,,,
2021-03-07 11:03:24,27.745094,,,,,,,,,
2021-03-07 10:58:24,,,87.199997,,,,,,,
2021-03-07 10:58:24,27.745094,,,,,,,,,
2021-03-07 10:58:24,,76,,,,,,,,
2021-03-07 10:53:24,,,82.959999,,,,,,,
2021-03-07 10:53:24,,76,,,,,,,,
2021-03-07 10:53:24,27.745094,,,,,,,,,
2021-03-07 10:53:18,,,,5.802892,,,,,,
2021-03-07 10:48:24,27.731743,,,,,,,,,
2021-03-07 10:48:24,,76,,,,,,,,
2021-03-07 10:48:24,,,73.839996,,,,,,,
2021-03-07 10:43:24,27.675667,,,,,,,,,
2021-03-07 10:43:24,,,51.439999,,,,,,,
2021-03-07 10:43:24,,76,,,,,,,,
2021-03-07 10:38:24,,,45.079998,,,,,,,
2021-03-07 10:38:24,,76,,,,,,,,
2021-03-07 10:38:24,27.659645,,,,,,,,,
2021-03-07 10:33:24,,76,,,,,,,,
2021-03-07 10:33:24,,,49.739998,,,,,,,
2021-03-07 10:33:23,27.632942,,,,,,,,,
2021-03-07 10:28:23,,76,,,,,,,,
2021-03-07 10:28:23,,,82.32,,,,,,,
2021-03-07 10:28:23,27.590218,,,,,,,,,
2021-03-07 10:23:23,,,78.839996,,,,,,,
2021-03-07 10:23:23,,76,,,,,,,,
2021-03-07 10:23:23,27.563515,,,,,,,,,
2021-03-07 10:18:23,,76,,,,,,,,
2021-03-07 10:18:23,27.52079,,,,,,,,,
2021-03-07 10:18:23,,,80.339996,,,,,,,
2021-03-07 10:13:23,,,78.699997,,,,,,,
2021-03-07 10:13:23,,76,,,,,,,,
2021-03-07 10:13:23,27.507439,,,,,,,,,
2021-03-07 10:08:23,,,80.479996,,,,,,,
2021-03-07 10:08:23,,77,,,,,,,,
2021-03-07 10:08:23,27.464714,,,,,,,,,
2021-03-07 10:03:23,,77,,,,,,,,
2021-03-07 10:03:23,,,80.779999,,,,,,,
2021-03-07 10:03:23,27.421989,,,,,,,,,
2021-03-07 09:58:23,,,76.639999,,,,,,,
2021-03-07 09:58:23,,77,,,,,,,,
2021-03-07 09:58:23,27.408638,,,,,,,,,
2021-03-07 09:53:23,,,73.479996,,,,,,,
2021-03-07 09:53:23,27.408638,,,,,,,,,
2021-03-07 09:53:23,,77,,,,,,,,
2021-03-07 09:48:23,27.392616,,,,,,,,,
2021-03-07 09:48:23,,77,,,,,,,,
2021-03-07 09:48:23,,,70.5,,,,,,,
2021-03-07 09:43:23,,77,,,,,,,,
2021-03-07 09:43:23,,,72.019997,,,,,,,
2021-03-07 09:43:23,27.349892,,,,,,,,,
2021-03-07 09:38:23,,77,,,,,,,,
2021-03-07 09:38:23,,,50.18,,,,,,,
2021-03-07 09:38:23,27.320518,,,,,,,,,
2021-03-07 09:33:23,,77,,,,,,,,
2021-03-07 09:33:23,27.320518,,,,,,,,,
2021-03-07 09:33:23,,,23.07,,,,,,,
2021-03-07 09:28:23,27.264442,,,,,,,,,
2021-03-07 09:28:23,,,55.98,,,,,,,
2021-03-07 09:28:23,,77,,,,,,,,
2021-03-07 09:23:23,,77,,,,,,,,
2021-03-07 09:23:23,27.264442,,,,,,,,,
2021-03-07 09:23:23,,,27.639999,,,,,,,
2021-03-07 09:18:23,,77,,,,,,,,
2021-03-07 09:18:23,,,55.899998,,,,,,,
2021-03-07 09:18:23,27.251091,,,,,,,,,
2021-03-07 09:13:23,27.235062,,,,,,,,,
2021-03-07 09:13:23,,77,,,,,,,,
2021-03-07 09:13:23,,,40.98,,,,,,,
2021-03-07 09:08:23,,,20.73,,,,,,,
2021-03-07 09:08:23,27.22171,,,,,,,,,
2021-03-07 09:08:23,,77,,,,,,,,
2021-03-07 09:03:23,27.195007,,,,,,,,,
2021-03-07 09:03:23,,,46.059998,,,,,,,
2021-03-07 09:03:23,,77,,,,,,,,
2021-03-07 08:58:23,27.208359,,,,,,,,,
2021-03-07 08:58:23,,77,,,,,,,,
2021-03-07 08:58:23,,,20.699999,,,,,,,
2021-03-07 08:53:23,,,47.759998,,,,,,,
2021-03-07 08:53:23,,78,,,,,,,,
2021-03-07 08:53:23,27.178986,,,,,,,,,
2021-03-07 08:48:23,,77,,,,,,,,
2021-03-07 08:48:23,,,42.16,,,,,,,
2021-03-07 08:48:23,27.152283,,,,,,,,,
2021-03-07 08:43:23,,,35.630001,,,,,,,
2021-03-07 08:43:23,,77,,,,,,,,
2021-03-07 08:43:23,27.138931,,,,,,,,,
2021-03-07 08:38:23,,,30.679998,,,,,,,
2021-03-07 08:38:23,27.109558,,,,,,,,,
2021-03-07 08:38:23,,77,,,,,,,,
2021-03-07 08:33:23,,,25.92,,,,,,,
2021-03-07 08:33:23,,77,,,,,,,,
2021-03-07 08:33:23,27.138931,,,,,,,,,
2021-03-07 08:28:23,,,21.58,,,,,,,
2021-03-07 08:28:23,27.12291,,,,,,,,,
2021-03-07 08:28:23,,77,,,,,,,,
2021-03-07 08:23:23,,77,,,,,,,,
2021-03-07 08:23:23,,,18.75,,,,,,,
2021-03-07 08:23:23,27.053482,,,,,,,,,
2021-03-07 08:18:23,,77,,,,,,,,
2021-03-07 08:18:23,,,19.83,,,,,,,
2021-03-07 08:18:23,27.053482,,,,,,,,,
2021-03-07 08:13:23,,77,,,,,,,,
2021-03-07 08:13:23,27.024109,,,,,,,,,
2021-03-07 08:13:23,,,16.459999,,,,,,,
2021-03-07 08:08:23,27.040131,,,,,,,,,
2021-03-07 08:08:23,,77,,,,,,,,
2021-03-07 08:08:23,,,12.29,,,,,,,
2021-03-07 08:03:23,,77,,,,,,,,
2021-03-07 08:03:23,27.066833,,,,,,,,,
2021-03-07 08:03:23,,,9.969999,,,,,,,
2021-03-07 07:58:23,,77,,,,,,,,
2021-03-07 07:58:23,,,7.45,,,,,,,
2021-03-07 07:58:23,27.010757,,,,,,,,,
2021-03-07 07:53:23,27.040131,,,,,,,,,
2021-03-07 07:53:23,,,6.2,,,,,,,
2021-03-07 07:53:23,,77,,,,,,,,
2021-03-07 07:53:17,,,,5.818946,,,,,,
2021-03-07 07:48:23,26.997406,,,,,,,,,
2021-03-07 07:48:23,,77,,,,,,,,
2021-03-07 07:48:23,,,4.88,,,,,,,
2021-03-07 07:43:23,27.024109,,,,,,,,,
2021-03-07 07:43:23,,77,,,,,,,,
2021-03-07 07:43:23,,,4.21,,,,,,,
2021-03-07 07:38:23,27.024109,,,,,,,,,
2021-03-07 07:38:23,,,3.13,,,,,,,
2021-03-07 07:38:23,,77,,,,,,,,
2021-03-07 07:33:23,,,2.29,,,,,,,
2021-03-07 07:33:23,,77,,,,,,,,
2021-03-07 07:33:23,27.024109,,,,,,,,,
2021-03-07 07:28:23,,77,,,,,,,,
2021-03-07 07:28:23,26.997406,,,,,,,,,
2021-03-07 07:28:23,,,1.81,,,,,,,
2021-03-07 07:23:23,,78,,,,,,,,
2021-03-07 07:23:23,,,1.09,,,,,,,
2021-03-07 07:23:23,26.997406,,,,,,,,,
2021-03-07 07:18:23,,77,,,,,,,,
2021-03-07 07:18:23,,,0.51,,,,,,,
2021-03-07 07:18:23,26.997406,,,,,,,,,
2021-03-07 07:13:23,27.010757,,,,,,,,,
2021-03-07 07:13:23,,,0.24,,,,,,,
2021-03-07 07:13:23,,77,,,,,,,,
2021-03-07 07:08:23,,77,,,,,,,,
2021-03-07 07:08:23,,,0.11,,,,,,,
2021-03-07 07:08:23,26.997406,,,,,,,,,
2021-03-07 07:03:23,,77,,,,,,,,
2021-03-07 07:03:23,,,0.06,,,,,,,
2021-03-07 07:03:23,27.010757,,,,,,,,,
2021-03-07 06:58:23,,,0.03,,,,,,,
2021-03-07 06:58:23,,77,,,,,,,,
2021-03-07 06:58:23,27.010757,,,,,,,,,
2021-03-07 06:53:23,27.010757,,,,,,,,,
2021-03-07 06:53:23,,,0.02,,,,,,,
2021-03-07 06:53:23,,77,,,,,,,,
2021-03-07 06:48:23,,,0.02,,,,,,,
2021-03-07 06:48:23,26.997406,,,,,,,,,
2021-03-07 06:48:23,,78,,,,,,,,
2021-03-07 06:43:23,26.984055,,,,,,,,,
2021-03-07 06:43:23,,77,,,,,,,,
2021-03-07 06:43:23,,,0.03,,,,,,,
2021-03-07 06:38:23,27.024109,,,,,,,,,
2021-03-07 06:38:23,,,0.03,,,,,,,
2021-03-07 06:38:23,,78,,,,,,,,
2021-03-07 06:33:23,,77,,,,,,,,
2021-03-07 06:33:23,,,0.03,,,,,,,
2021-03-07 06:33:23,27.010757,,,,,,,,,
2021-03-07 06:28:23,26.997406,,,,,,,,,
2021-03-07 06:28:23,,,0.02,,,,,,,
2021-03-07 06:28:23,,78,,,,,,,,
2021-03-07 06:23:23,,77,,,,,,,,
2021-03-07 06:23:23,27.010757,,,,,,,,,
2021-03-07 06:23:23,,,0.03,,,,,,,
2021-03-07 06:18:23,,,0.02,,,,,,,
2021-03-07 06:18:23,26.997406,,,,,,,,,
2021-03-07 06:18:23,,77,,,,,,,,
2021-03-07 06:13:23,27.040131,,,,,,,,,
2021-03-07 06:13:23,,,0.03,,,,,,,
2021-03-07 06:13:23,,77,,,,,,,,
2021-03-07 06:08:23,,77,,,,,,,,
2021-03-07 06:08:23,27.010757,,,,,,,,,
2021-03-07 06:08:23,,,0.02,,,,,,,
2021-03-07 06:03:23,,,0.02,,,,,,,
2021-03-07 06:03:23,,77,,,,,,,,
2021-03-07 06:03:23,27.010757,,,,,,,,,
2021-03-07 05:58:23,,77,,,,,,,,
2021-03-07 05:58:23,,,0.03,,,,,,,
2021-03-07 05:58:23,27.010757,,,,,,,,,
2021-03-07 05:53:23,,77,,,,,,,,
2021-03-07 05:53:23,,,0.03,,,,,,,
2021-03-07 05:53:23,27.024109,,,,,,,,,
2021-03-07 05:48:23,,,0.02,,,,,,,
2021-03-07 05:48:23,,77,,,,,,,,
2021-03-07 05:48:23,26.997406,,,,,,,,,
2021-03-07 05:43:23,,,0.02,,,,,,,
2021-03-07 05:43:23,26.997406,,,,,,,,,
2021-03-07 05:43:23,,78,,,,,,,,
2021-03-07 05:38:23,26.997406,,,,,,,,,
2021-03-07 05:38:23,,78,,,,,,,,
2021-03-07 05:38:23,,,0.03,,,,,,,
2021-03-07 05:33:23,,78,,,,,,,,
2021-03-07 05:33:23,,,0.03,,,,,,,
2021-03-07 05:33:23,27.024109,,,,,,,,,
2021-03-07 05:28:23,,,0.02,,,,,,,
2021-03-07 05:28:23,,78,,,,,,,,
2021-03-07 05:28:23,27.024109,,,,,,,,,
2021-03-07 05:23:23,,78,,,,,,,,
2021-03-07 05:23:23,27.024109,,,,,,,,,
2021-03-07 05:23:23,,,0.02,,,,,,,
2021-03-07 05:18:23,27.010757,,,,,,,,,
2021-03-07 05:18:23,,78,,,,,,,,
2021-03-07 05:18:23,,,0.03,,,,,,,
2021-03-07 05:13:23,,78,,,,,,,,
2021-03-07 05:13:23,27.024109,,,,,,,,,
2021-03-07 05:13:23,,,0.03,,,,,,,
2021-03-07 05:08:23,,78,,,,,,,,
2021-03-07 05:08:23,,,0.03,,,,,,,
2021-03-07 05:08:23,27.024109,,,,,,,,,
2021-03-07 05:03:23,27.010757,,,,,,,,,
2021-03-07 05:03:23,,,0.02,,,,,,,
2021-03-07 05:03:23,,78,,,,,,,,
2021-03-07 04:58:23,27.024109,,,,,,,,,
2021-03-07 04:58:23,,78,,,,,,,,
2021-03-07 04:58:23,,,0.01,,,,,,,
2021-03-07 04:53:23,27.024109,,,,,,,,,
2021-03-07 04:53:23,,,0.03,,,,,,,
2021-03-07 04:53:23,,78,,,,,,,,
2021-03-07 04:53:17,,,,5.831788,,,,,,
2021-03-07 04:48:22,,,0.03,,,,,,,
2021-03-07 04:48:22,27.024109,,,,,,,,,
2021-03-07 04:48:22,,78,,,,,,,,
2021-03-07 04:43:22,,78,,,,,,,,
2021-03-07 04:43:22,,,0.02,,,,,,,
2021-03-07 04:43:22,27.053482,,,,,,,,,
2021-03-07 04:38:22,,78,,,,,,,,
2021-03-07 04:38:22,27.040131,,,,,,,,,
2021-03-07 04:38:22,,,0.02,,,,,,,
2021-03-07 04:33:22,,78,,,,,,,,
2021-03-07 04:33:22,,,0.03,,,,,,,
2021-03-07 04:33:22,27.053482,,,,,,,,,
2021-03-07 04:28:22,,78,,,,,,,,
2021-03-07 04:28:22,,,0.03,,,,,,,
2021-03-07 04:28:22,27.053482,,,,,,,,,
2021-03-07 04:23:22,27.053482,,,,,,,,,
2021-03-07 04:23:22,,,0.03,,,,,,,
2021-03-07 04:23:22,,78,,,,,,,,
2021-03-07 04:18:22,,78,,,,,,,,
2021-03-07 04:18:22,,,0.02,,,,,,,
2021-03-07 04:18:22,27.040131,,,,,,,,,
2021-03-07 04:13:22,27.040131,,,,,,,,,
2021-03-07 04:13:22,,78,,,,,,,,
2021-03-07 04:13:22,,,0.03,,,,,,,
2021-03-07 04:08:22,,,0.03,,,,,,,
2021-03-07 04:08:22,,78,,,,,,,,
2021-03-07 04:08:22,27.053482,,,,,,,,,
2021-03-07 04:03:22,27.040131,,,,,,,,,
2021-03-07 04:03:22,,,0.03,,,,,,,
2021-03-07 04:03:22,,78,,,,,,,,
2021-03-07 03:58:22,,,0.02,,,,,,,
2021-03-07 03:58:22,27.024109,,,,,,,,,
2021-03-07 03:58:22,,78,,,,,,,,
2021-03-07 03:53:22,27.040131,,,,,,,,,
2021-03-07 03:53:22,,78,,,,,,,,
2021-03-07 03:53:22,,,0.02,,,,,,,
2021-03-07 03:48:22,27.040131,,,,,,,,,
2021-03-07 03:48:22,,,0.03,,,,,,,
2021-03-07 03:48:22,,78,,,,,,,,
2021-03-07 03:43:22,,78,,,,,,,,
2021-03-07 03:43:22,,,0.03,,,,,,,
2021-03-07 03:43:22,27.040131,,,,,,,,,
2021-03-07 03:38:22,,,0.02,,,,,,,
2021-03-07 03:38:22,,79,,,,,,,,
2021-03-07 03:38:22,27.040131,,,,,,,,,
2021-03-07 03:33:22,,78,,,,,,,,
2021-03-07 03:33:22,27.066833,,,,,,,,,
2021-03-07 03:33:22,,,0.02,,,,,,,
2021-03-07 03:28:22,,,0.03,,,,,,,
2021-03-07 03:28:22,27.082855,,,,,,,,,
2021-03-07 03:28:22,,79,,,,,,,,
2021-03-07 03:23:22,27.053482,,,,,,,,,
2021-03-07 03:23:22,,,0.03,,,,,,,
2021-03-07 03:23:22,,79,,,,,,,,
2021-03-07 03:18:22,,,0.02,,,,,,,
2021-03-07 03:18:22,,79,,,,,,,,
2021-03-07 03:18:22,27.053482,,,,,,,,,
2021-03-07 03:13:22,,79,,,,,,,,
2021-03-07 03:13:22,27.040131,,,,,,,,,
2021-03-07 03:13:22,,,0.02,,,,,,,
2021-03-07 03:08:22,,79,,,,,,,,
2021-03-07 03:08:22,,,0.02,,,,,,,
2021-03-07 03:08:22,27.040131,,,,,,,,,
2021-03-07 03:03:22,,79,,,,,,,,
2021-03-07 03:03:22,,,0.03,,,,,,,
2021-03-07 03:03:22,27.066833,,,,,,,,,
2021-03-07 02:58:22,27.040131,,,,,,,,,
2021-03-07 02:58:22,,,0.03,,,,,,,
2021-03-07 02:58:22,,79,,,,,,,,
2021-03-07 02:53:22,,78,,,,,,,,
2021-03-07 02:53:22,,,0.02,,,,,,,
2021-03-07 02:53:22,27.040131,,,,,,,,,
2021-03-07 02:48:22,,78,,,,,,,,
2021-03-07 02:48:22,,,0.02,,,,,,,
2021-03-07 02:48:22,27.040131,,,,,,,,,
2021-03-07 02:43:22,,,0.03,,,,,,,
2021-03-07 02:43:22,,78,,,,,,,,
2021-03-07 02:43:22,27.053482,,,,,,,,,
2021-03-07 02:38:22,27.082855,,,,,,,,,
2021-03-07 02:38:22,,,0.03,,,,,,,
2021-03-07 02:38:22,,78,,,,,,,,
2021-03-07 02:33:22,,,0.02,,,,,,,
2021-03-07 02:33:22,27.082855,,,,,,,,,
2021-03-07 02:33:22,,78,,,,,,,,
2021-03-07 02:28:22,27.096207,,,,,,,,,
2021-03-07 02:28:22,,78,,,,,,,,
2021-03-07 02:28:22,,,0.02,,,,,,,
2021-03-07 02:23:22,27.096207,,,,,,,,,
2021-03-07 02:23:22,,,0.03,,,,,,,
2021-03-07 02:23:22,,78,,,,,,,,
2021-03-07 02:18:22,,78,,,,,,,,
2021-03-07 02:18:22,,,0.03,,,,,,,
2021-03-07 02:18:22,27.109558,,,,,,,,,
2021-03-07 02:13:22,,,0.03,,,,,,,
2021-03-07 02:13:22,27.096207,,,,,,,,,
2021-03-07 02:13:22,,78,,,,,,,,
2021-03-07 02:08:22,,,0.02,,,,,,,
2021-03-07 02:08:22,,78,,,,,,,,
2021-03-07 02:08:22,27.082855,,,,,,,,,
2021-03-07 02:03:22,,,0.02,,,,,,,
2021-03-07 02:03:22,27.096207,,,,,,,,,
2021-03-07 02:03:22,,78,,,,,,,,
2021-03-07 01:58:22,27.12291,,,,,,,,,
2021-03-07 01:58:22,,78,,,,,,,,
2021-03-07 01:58:22,,,0.03,,,,,,,
2021-03-07 01:53:22,,,0.03,,,,,,,
2021-03-07 01:53:22,27.082855,,,,,,,,,
2021-03-07 01:53:22,,78,,,,,,,,
2021-03-07 01:53:17,,,,5.847307,,,,,,
2021-03-07 01:48:22,27.082855,,,,,,,,,
2021-03-07 01:48:22,,78,,,,,,,,
2021-03-07 01:48:22,,,0.02,,,,,,,
2021-03-07 01:43:22,27.096207,,,,,,,,,
2021-03-07 01:43:22,,,0.02,,,,,,,
2021-03-07 01:43:22,,78,,,,,,,,
2021-03-07 01:38:22,,78,,,,,,,,
2021-03-07 01:38:22,,,0.03,,,,,,,
2021-03-07 01:38:22,27.096207,,,,,,,,,
2021-03-07 01:33:22,,,0.03,,,,,,,
2021-03-07 01:33:22,27.12291,,,,,,,,,
2021-03-07 01:33:22,,78,,,,,,,,
2021-03-07 01:28:22,,,0.03,,,,,,,
2021-03-07 01:28:22,,78,,,,,,,,
2021-03-07 01:28:22,27.096207,,,,,,,,,
2021-03-07 01:23:22,,,0.01,,,,,,,
2021-03-07 01:23:22,,78,,,,,,,,
2021-03-07 01:23:22,27.12291,,,,,,,,,
2021-03-07 01:18:22,,78,,,,,,,,
2021-03-07 01:18:22,,,0.02,,,,,,,
2021-03-07 01:18:22,27.12291,,,,,,,,,
2021-03-07 01:13:22,,,0.03,,,,,,,
2021-03-07 01:13:22,27.138931,,,,,,,,,
2021-03-07 01:13:22,,79,,,,,,,,
2021-03-07 01:08:22,,79,,,,,,,,
2021-03-07 01:08:22,27.109558,,,,,,,,,
2021-03-07 01:08:22,,,0.03,,,,,,,
2021-03-07 01:03:22,,79,,,,,,,,
2021-03-07 01:03:22,,,0.02,,,,,,,
2021-03-07 01:03:22,27.12291,,,,,,,,,
2021-03-07 00:58:22,,78,,,,,,,,
2021-03-07 00:58:22,,,0.02,,,,,,,
2021-03-07 00:58:22,27.096207,,,,,,,,,
2021-03-07 00:53:22,,,0.03,,,,,,,
2021-03-07 00:53:22,,78,,,,,,,,
2021-03-07 00:53:22,27.109558,,,,,,,,,
2021-03-07 00:48:22,,79,,,,,,,,
2021-03-07 00:48:22,,,0.03,,,,,,,
2021-03-07 00:48:22,27.138931,,,,,,,,,
2021-03-07 00:43:22,,,0.02,,,,,,,
2021-03-07 00:43:22,,79,,,,,,,,
2021-03-07 00:43:22,27.12291,,,,,,,,,
2021-03-07 00:38:22,,78,,,,,,,,
2021-03-07 00:38:22,,,0.02,,,,,,,
2021-03-07 00:38:22,27.12291,,,,,,,,,
2021-03-07 00:33:22,,,0.02,,,,,,,
2021-03-07 00:33:22,,79,,,,,,,,
2021-03-07 00:33:22,27.152283,,,,,,,,,
2021-03-07 00:28:22,,78,,,,,,,,
2021-03-07 00:28:22,,,0.03,,,,,,,
2021-03-07 00:28:22,27.12291,,,,,,,,,
2021-03-07 00:23:22,27.138931,,,,,,,,,
2021-03-07 00:23:22,,,0.03,,,,,,,
2021-03-07 00:23:22,,78,,,,,,,,
2021-03-07 00:18:22,27.12291,,,,,,,,,
2021-03-07 00:18:22,,78,,,,,,,,
2021-03-07 00:18:22,,,0.02,,,,,,,
2021-03-07 00:13:22,,,0.02,,,,,,,
2021-03-07 00:13:22,,78,,,,,,,,
2021-03-07 00:13:22,27.109558,,,,,,,,,
2021-03-07 00:08:22,27.12291,,,,,,,,,
2021-03-07 00:08:22,,,0.03,,,,,,,
2021-03-07 00:08:22,,78,,,,,,,,
2021-03-07 00:03:22,,,0.03,,,,,,,
2021-03-07 00:03:22,27.12291,,,,,,,,,
2021-03-07 00:03:22,,78,,,,,,,,
2021-03-06 23:58:22,27.12291,,,,,,,,,
2021-03-06 23:58:22,,,0.02,,,,,,,
2021-03-06 23:58:22,,78,,,,,,,,
2021-03-06 23:53:22,27.12291,,,,,,,,,
2021-03-06 23:53:22,,78,,,,,,,,
2021-03-06 23:53:22,,,0.02,,,,,,,
2021-03-06 23:48:22,,,0.03,,,,,,,
2021-03-06 23:48:22,,78,,,,,,,,
2021-03-06 23:48:22,27.138931,,,,,,,,,
2021-03-06 23:43:22,27.12291,,,,,,,,,
2021-03-06 23:43:22,,,0.03,,,,,,,
2021-03-06 23:43:22,,78,,,,,,,,
2021-03-06 23:38:22,,78,,,,,,,,
2021-03-06 23:38:22,27.12291,,,,,,,,,
2021-03-06 23:38:22,,,0.03,,,,,,,
2021-03-06 23:33:22,27.138931,,,,,,,,,
2021-03-06 23:33:22,,78,,,,,,,,
2021-03-06 23:33:22,,,0.02,,,,,,,
2021-03-06 23:28:22,27.096207,,,,,,,,,
2021-03-06 23:28:22,,78,,,,,,,,
2021-03-06 23:28:22,,,0.03,,,,,,,
2021-03-06 23:23:22,27.096207,,,,,,,,,
2021-03-06 23:23:22,,78,,,,,,,,
2021-03-06 23:23:22,,,0.03,,,,,,,
2021-03-06 23:18:22,,78,,,,,,,,
2021-03-06 23:18:22,27.12291,,,,,,,,,
2021-03-06 23:18:22,,,0.03,,,,,,,
2021-03-06 23:13:22,,,0.02,,,,,,,
2021-03-06 23:13:22,,78,,,,,,,,
2021-03-06 23:13:22,27.109558,,,,,,,,,
2021-03-06 23:08:22,,,0.02,,,,,,,
2021-03-06 23:08:22,27.12291,,,,,,,,,
2021-03-06 23:08:22,,78,,,,,,,,
2021-03-06 23:03:22,,78,,,,,,,,
2021-03-06 23:03:22,,,0.03,,,,,,,
2021-03-06 23:03:22,27.096207,,,,,,,,,
2021-03-06 22:58:22,,78,,,,,,,,
2021-03-06 22:58:21,,,0.04,,,,,,,
2021-03-06 22:58:21,27.138931,,,,,,,,,
2021-03-06 22:53:21,27.109558,,,,,,,,,
2021-03-06 22:53:21,,,0.03,,,,,,,
2021-03-06 22:53:21,,78,,,,,,,,
2021-03-06 22:53:17,,,,5.863896,,,,,,
2021-03-06 22:48:21,,,0.03,,,,,,,
2021-03-06 22:48:21,,78,,,,,,,,
2021-03-06 22:48:21,27.109558,,,,,,,,,
2021-03-06 22:43:21,27.096207,,,,,,,,,
2021-03-06 22:43:21,,,0.03,,,,,,,
2021-03-06 22:43:21,,78,,,,,,,,
2021-03-06 22:38:21,27.096207,,,,,,,,,
2021-03-06 22:38:21,,78,,,,,,,,
2021-03-06 22:38:21,,,0.04,,,,,,,
2021-03-06 22:33:21,,,0.04,,,,,,,
2021-03-06 22:33:21,27.082855,,,,,,,,,
2021-03-06 22:33:21,,77,,,,,,,,
2021-03-06 22:28:21,27.066833,,,,,,,,,
2021-03-06 22:28:21,,,0.03,,,,,,,
2021-03-06 22:28:21,,77,,,,,,,,
2021-03-06 22:23:21,,,0.03,,,,,,,
2021-03-06 22:23:21,27.096207,,,,,,,,,
2021-03-06 22:23:21,,77,,,,,,,,
2021-03-06 22:18:21,,77,,,,,,,,
2021-03-06 22:18:21,,,0.04,,,,,,,
2021-03-06 22:18:21,27.096207,,,,,,,,,
2021-03-06 22:13:21,,,0.04,,,,,,,
2021-03-06 22:13:21,,77,,,,,,,,
2021-03-06 22:13:21,27.040131,,,,,,,,,
2021-03-06 22:08:21,27.096207,,,,,,,,,
2021-03-06 22:08:21,,77,,,,,,,,
2021-03-06 22:08:21,,,0.03,,,,,,,
2021-03-06 22:03:21,27.040131,,,,,,,,,
2021-03-06 22:03:21,,,0.03,,,,,,,
2021-03-06 22:03:21,,77,,,,,,,,
2021-03-06 21:58:21,,77,,,,,,,,
2021-03-06 21:58:21,,,0.03,,,,,,,
2021-03-06 21:58:21,27.040131,,,,,,,,,
2021-03-06 21:53:21,27.053482,,,,,,,,,
2021-03-06 21:53:21,,,0.04,,,,,,,
2021-03-06 21:53:21,,77,,,,,,,,
2021-03-06 21:48:21,,,0.04,,,,,,,
2021-03-06 21:48:21,27.066833,,,,,,,,,
2021-03-06 21:48:21,,77,,,,,,,,
2021-03-06 21:43:21,,76,,,,,,,,
2021-03-06 21:43:21,27.040131,,,,,,,,,
2021-03-06 21:43:21,,,0.03,,,,,,,
2021-03-06 21:38:21,,,0.03,,,,,,,
2021-03-06 21:38:21,,76,,,,,,,,
2021-03-06 21:38:21,27.040131,,,,,,,,,
2021-03-06 21:33:21,,,0.04,,,,,,,
2021-03-06 21:33:21,27.040131,,,,,,,,,
2021-03-06 21:33:21,,76,,,,,,,,
2021-03-06 21:28:21,27.024109,,,,,,,,,
2021-03-06 21:28:21,,76,,,,,,,,
2021-03-06 21:28:21,,,0.04,,,,,,,
2021-03-06 21:23:21,,,0.03,,,,,,,
2021-03-06 21:23:21,,76,,,,,,,,
2021-03-06 21:23:21,27.024109,,,,,,,,,
2021-03-06 21:18:21,27.024109,,,,,,,,,
2021-03-06 21:18:21,,,0.03,,,,,,,
2021-03-06 21:18:21,,76,,,,,,,,
2021-03-06 21:13:21,,76,,,,,,,,
2021-03-06 21:13:21,27.040131,,,,,,,,,
2021-03-06 21:13:21,,,0.04,,,,,,,
2021-03-06 21:08:21,,76,,,,,,,,
2021-03-06 21:08:21,,,0.04,,,,,,,
2021-03-06 21:08:21,27.024109,,,,,,,,,
2021-03-06 21:03:21,,,0.03,,,,,,,
2021-03-06 21:03:21,,76,,,,,,,,
2021-03-06 21:03:21,27.024109,,,,,,,,,
2021-03-06 20:58:21,,76,,,,,,,,
2021-03-06 20:58:21,27.010757,,,,,,,,,
2021-03-06 20:58:21,,,0.03,,,,,,,
2021-03-06 20:53:21,,,0.03,,,,,,,
2021-03-06 20:53:21,,76,,,,,,,,
2021-03-06 20:53:21,27.024109,,,,,,,,,
2021-03-06 20:48:21,,76,,,,,,,,
2021-03-06 20:48:21,,,0.04,,,,,,,
2021-03-06 20:48:21,27.040131,,,,,,,,,
2021-03-06 20:43:21,27.024109,,,,,,,,,
2021-03-06 20:43:21,,,0.04,,,,,,,
2021-03-06 20:43:21,,76,,,,,,,,
2021-03-06 20:38:21,,76,,,,,,,,
2021-03-06 20:38:21,27.053482,,,,,,,,,
2021-03-06 20:38:21,,,0.03,,,,,,,
2021-03-06 20:33:21,,76,,,,,,,,
2021-03-06 20:33:21,,,0.03,,,,,,,
2021-03-06 20:33:21,27.053482,,,,,,,,,
2021-03-06 20:28:21,,,0.04,,,,,,,
2021-03-06 20:28:21,,76,,,,,,,,
2021-03-06 20:28:21,27.040131,,,,,,,,,
2021-03-06 20:23:21,,76,,,,,,,,
2021-03-06 20:23:21,27.040131,,,,,,,,,
2021-03-06 20:23:21,,,0.04,,,,,,,
2021-03-06 20:18:21,27.053482,,,,,,,,,
2021-03-06 20:18:21,,,0.03,,,,,,,
2021-03-06 20:18:21,,76,,,,,,,,
2021-03-06 20:13:21,,,0.03,,,,,,,
2021-03-06 20:13:21,27.040131,,,,,,,,,
2021-03-06 20:13:21,,76,,,,,,,,
2021-03-06 20:08:21,,76,,,,,,,,
2021-03-06 20:08:21,,,0.03,,,,,,,
2021-03-06 20:08:21,27.010757,,,,,,,,,
2021-03-06 20:03:21,,,0.04,,,,,,,
2021-03-06 20:03:21,,76,,,,,,,,
2021-03-06 20:03:21,26.997406,,,,,,,,,
2021-03-06 19:58:21,27.040131,,,,,,,,,
2021-03-06 19:58:21,,76,,,,,,,,
2021-03-06 19:58:21,,,0.04,,,,,,,
2021-03-06 19:53:21,27.024109,,,,,,,,,
2021-03-06 19:53:21,,76,,,,,,,,
2021-03-06 19:53:21,,,0.03,,,,,,,
2021-03-06 19:53:17,,,,5.880485,,,,,,
2021-03-06 19:48:21,26.997406,,,,,,,,,
2021-03-06 19:48:21,,76,,,,,,,,
2021-03-06 19:48:21,,,0.03,,,,,,,
2021-03-06 19:43:21,,,0.04,,,,,,,
2021-03-06 19:43:21,,76,,,,,,,,
2021-03-06 19:43:21,26.984055,,,,,,,,,
2021-03-06 19:38:21,,76,,,,,,,,
2021-03-06 19:38:21,26.984055,,,,,,,,,
2021-03-06 19:38:21,,,0.04,,,,,,,
2021-03-06 19:33:21,26.968033,,,,,,,,,
2021-03-06 19:33:21,,,0.04,,,,,,,
2021-03-06 19:33:21,,75,,,,,,,,
2021-03-06 19:28:21,,,0.06,,,,,,,
2021-03-06 19:28:21,26.984055,,,,,,,,,
2021-03-06 19:28:21,,75,,,,,,,,
2021-03-06 19:23:21,,,0.13,,,,,,,
2021-03-06 19:23:21,26.927979,,,,,,,,,
2021-03-06 19:23:21,,75,,,,,,,,
2021-03-06 19:18:21,,,0.24,,,,,,,
2021-03-06 19:18:21,,75,,,,,,,,
2021-03-06 19:18:21,26.911957,,,,,,,,,
2021-03-06 19:13:21,,,0.48,,,,,,,
2021-03-06 19:13:21,,75,,,,,,,,
2021-03-06 19:13:21,26.885254,,,,,,,,,
2021-03-06 19:08:21,26.869232,,,,,,,,,
2021-03-06 19:08:21,,,0.79,,,,,,,
2021-03-06 19:08:21,,75,,,,,,,,
2021-03-06 19:03:21,,75,,,,,,,,
2021-03-06 19:03:21,26.842529,,,,,,,,,
2021-03-06 19:03:21,,,1.09,,,,,,,
2021-03-06 18:58:21,,74,,,,,,,,
2021-03-06 18:58:21,,,1.45,,,,,,,
2021-03-06 18:58:21,26.813156,,,,,,,,,
2021-03-06 18:53:21,,,1.78,,,,,,,
2021-03-06 18:53:21,,74,,,,,,,,
2021-03-06 18:53:21,26.813156,,,,,,,,,
2021-03-06 18:48:21,,75,,,,,,,,
2021-03-06 18:48:21,26.786453,,,,,,,,,
2021-03-06 18:48:21,,,2.2,,,,,,,
2021-03-06 18:43:21,,,2.58,,,,,,,
2021-03-06 18:43:21,,74,,,,,,,,
2021-03-06 18:43:21,26.773102,,,,,,,,,
2021-03-06 18:38:21,,75,,,,,,,,
2021-03-06 18:38:21,,,2.86,,,,,,,
2021-03-06 18:38:21,26.727699,,,,,,,,,
2021-03-06 18:33:21,26.684975,,,,,,,,,
2021-03-06 18:33:21,,,3.18,,,,,,,
2021-03-06 18:33:21,,74,,,,,,,,
2021-03-06 18:28:21,,74,,,,,,,,
2021-03-06 18:28:21,26.671623,,,,,,,,,
2021-03-06 18:28:21,,,3.46,,,,,,,
2021-03-06 18:23:21,,74,,,,,,,,
2021-03-06 18:23:21,,,3.75,,,,,,,
2021-03-06 18:23:21,26.628899,,,,,,,,,
2021-03-06 18:18:21,,,4.61,,,,,,,
2021-03-06 18:18:21,,74,,,,,,,,
2021-03-06 18:18:21,26.586174,,,,,,,,,
2021-03-06 18:13:21,,74,,,,,,,,
2021-03-06 18:13:21,26.559471,,,,,,,,,
2021-03-06 18:13:21,,,5.49,,,,,,,
2021-03-06 18:08:21,26.516747,,,,,,,,,
2021-03-06 18:08:21,,,7.02,,,,,,,
2021-03-06 18:08:21,,73,,,,,,,,
2021-03-06 18:03:21,,,9.05,,,,,,,
2021-03-06 18:03:21,26.474022,,,,,,,,,
2021-03-06 18:03:21,,73,,,,,,,,
2021-03-06 17:58:21,26.417946,,,,,,,,,
2021-03-06 17:58:21,,73,,,,,,,,
2021-03-06 17:58:21,,,9.94,,,,,,,
2021-03-06 17:53:21,26.348518,,,,,,,,,
2021-03-06 17:53:21,,72,,,,,,,,
2021-03-06 17:53:21,,,9.27,,,,,,,
2021-03-06 17:48:21,26.332497,,,,,,,,,
2021-03-06 17:48:21,,,8.849999,,,,,,,
2021-03-06 17:48:21,,72,,,,,,,,
2021-03-06 17:43:21,,72,,,,,,,,
2021-03-06 17:43:21,26.276421,,,,,,,,,
2021-03-06 17:43:21,,,10.67,,,,,,,
2021-03-06 17:38:21,,,8.52,,,,,,,
2021-03-06 17:38:21,,72,,,,,,,,
2021-03-06 17:38:21,26.220337,,,,,,,,,
2021-03-06 17:33:21,,72,,,,,,,,
2021-03-06 17:33:21,,,9.19,,,,,,,
2021-03-06 17:33:21,26.148239,,,,,,,,,
2021-03-06 17:28:21,26.105515,,,,,,,,,
2021-03-06 17:28:21,,,9.73,,,,,,,
2021-03-06 17:28:21,,71,,,,,,,,
2021-03-06 17:23:21,,70,,,,,,,,
2021-03-06 17:23:21,,,12.05,,,,,,,
2021-03-06 17:23:20,26.049438,,,,,,,,,
2021-03-06 17:18:20,,70,,,,,,,,
2021-03-06 17:18:20,,,13.259999,,,,,,,
2021-03-06 17:18:20,26.020065,,,,,,,,,
2021-03-06 17:13:20,,,12.309999,,,,,,,
2021-03-06 17:13:20,,69,,,,,,,,
2021-03-06 17:13:20,25.937286,,,,,,,,,
2021-03-06 17:08:20,,69,,,,,,,,
2021-03-06 17:08:20,25.894562,,,,,,,,,
2021-03-06 17:08:20,,,10.179999,,,,,,,
2021-03-06 17:03:20,25.838486,,,,,,,,,
2021-03-06 17:03:20,,,11.62,,,,,,,
2021-03-06 17:03:20,,68,,,,,,,,
2021-03-06 16:58:20,,,10.929999,,,,,,,
2021-03-06 16:58:20,25.78241,,,,,,,,,
2021-03-06 16:58:20,,68,,,,,,,,
2021-03-06 16:53:20,25.712975,,,,,,,,,
2021-03-06 16:53:20,,66,,,,,,,,
2021-03-06 16:53:20,,,6.82,,,,,,,
2021-03-06 16:53:17,,,,5.904565,,,,,,
2021-03-06 16:48:20,,,15.41,,,,,,,
2021-03-06 16:48:20,,66,,,,,,,,
2021-03-06 16:48:20,25.67025,,,,,,,,,
2021-03-06 16:43:20,25.627525,,,,,,,,,
2021-03-06 16:43:20,,66,,,,,,,,
2021-03-06 16:43:20,,,21.27,,,,,,,
2021-03-06 16:38:20,,,23.799999,,,,,,,
2021-03-06 16:38:20,,66,,,,,,,,
2021-03-06 16:38:20,25.584801,,,,,,,,,
2021-03-06 16:33:20,,66,,,,,,,,
2021-03-06 16:33:20,25.499352,,,,,,,,,
2021-03-06 16:33:20,,,15.54,,,,,,,
2021-03-06 16:28:20,,66,,,,,,,,
2021-03-06 16:28:20,,,27.859999,,,,,,,
2021-03-06 16:28:20,25.456627,,,,,,,,,
2021-03-06 16:23:20,25.371178,,,,,,,,,
2021-03-06 16:23:20,,,30.32,,,,,,,
2021-03-06 16:23:20,,65,,,,,,,,
2021-03-06 16:18:20,,65,,,,,,,,
2021-03-06 16:18:20,,,25.559999,,,,,,,
2021-03-06 16:18:20,25.30175,,,,,,,,,
2021-03-06 16:13:20,,,21.35,,,,,,,
2021-03-06 16:13:20,,65,,,,,,,,
2021-03-06 16:13:20,25.229645,,,,,,,,,
2021-03-06 16:08:20,25.18959,,,,,,,,,
2021-03-06 16:08:20,,,28.67,,,,,,,
2021-03-06 16:08:20,,65,,,,,,,,
2021-03-06 16:03:20,,65,,,,,,,,
2021-03-06 16:03:20,25.09079,,,,,,,,,
2021-03-06 16:03:20,,,45.98,,,,,,,
2021-03-06 15:58:20,,64,,,,,,,,
2021-03-06 15:58:20,,,51.719997,,,,,,,
2021-03-06 15:58:20,24.978638,,,,,,,,,
2021-03-06 15:53:20,,,62.219997,,,,,,,
2021-03-06 15:53:20,24.919891,,,,,,,,,
2021-03-06 15:53:20,,64,,,,,,,,
2021-03-06 15:48:20,,,27.33,,,,,,,
2021-03-06 15:48:20,,64,,,,,,,,
2021-03-06 15:48:20,24.890518,,,,,,,,,
2021-03-06 15:43:20,24.778366,,,,,,,,,
2021-03-06 15:43:20,,,30.769999,,,,,,,
2021-03-06 15:43:20,,64,,,,,,,,
2021-03-06 15:38:20,24.722282,,,,,,,,,
2021-03-06 15:38:20,,64,,,,,,,,
2021-03-06 15:38:20,,,27.969999,,,,,,,
2021-03-06 15:33:20,,,17.299999,,,,,,,
2021-03-06 15:33:20,,64,,,,,,,,
2021-03-06 15:33:20,24.650185,,,,,,,,,
2021-03-06 15:28:20,24.554054,,,,,,,,,
2021-03-06 15:28:20,,,18.33,,,,,,,
2021-03-06 15:28:20,,63,,,,,,,,
2021-03-06 15:23:20,24.439232,,,,,,,,,
2021-03-06 15:23:20,,,26.099998,,,,,,,
2021-03-06 15:23:20,,62,,,,,,,,
2021-03-06 15:18:20,,61,,,,,,,,
2021-03-06 15:18:20,24.356453,,,,,,,,,
2021-03-06 15:18:20,,,27.709999,,,,,,,
2021-03-06 15:13:20,24.241623,,,,,,,,,
2021-03-06 15:13:20,,,21.1,,,,,,,
2021-03-06 15:13:20,,60,,,,,,,,
2021-03-06 15:08:20,,,26.709999,,,,,,,
2021-03-06 15:08:20,24.113449,,,,,,,,,
2021-03-06 15:08:20,,59,,,,,,,,
2021-03-06 15:03:20,,,22.809999,,,,,,,
2021-03-06 15:03:20,24.086746,,,,,,,,,
2021-03-06 15:03:20,,57,,,,,,,,
2021-03-06 14:58:20,,,24.23,,,,,,,
2021-03-06 14:58:20,,57,,,,,,,,
2021-03-06 14:58:20,24.142822,,,,,,,,,
2021-03-06 14:53:20,,,23.799999,,,,,,,
2021-03-06 14:53:20,,58,,,,,,,,
2021-03-06 14:53:20,24.297707,,,,,,,,,
2021-03-06 14:48:20,24.42588,,,,,,,,,
2021-03-06 14:48:20,,,25,,,,,,,
2021-03-06 14:48:20,,57,,,,,,,,
2021-03-06 14:43:20,,59,,,,,,,,
2021-03-06 14:43:20,24.554054,,,,,,,,,
2021-03-06 14:43:20,,,20.26,,,,,,,
2021-03-06 14:38:20,,60,,,,,,,,
2021-03-06 14:38:20,,,18.32,,,,,,,
2021-03-06 14:38:20,24.666206,,,,,,,,,
2021-03-06 14:33:20,,61,,,,,,,,
2021-03-06 14:33:20,,,16.68,,,,,,,
2021-03-06 14:33:20,24.847794,,,,,,,,,
2021-03-06 14:28:20,,61,,,,,,,,
2021-03-06 14:28:20,24.919891,,,,,,,,,
2021-03-06 14:28:20,,,14.94,,,,,,,
2021-03-06 14:23:20,,,17.68,,,,,,,
2021-03-06 14:23:20,,62,,,,,,,,
2021-03-06 14:23:20,24.919891,,,,,,,,,
2021-03-06 14:18:20,,61,,,,,,,,
2021-03-06 14:18:20,,,31.51,,,,,,,
2021-03-06 14:18:20,24.877167,,,,,,,,,
2021-03-06 14:13:20,24.861145,,,,,,,,,
2021-03-06 14:13:20,,,29.49,,,,,,,
2021-03-06 14:13:20,,62,,,,,,,,
2021-03-06 14:08:20,,62,,,,,,,,
2021-03-06 14:08:20,24.834442,,,,,,,,,
2021-03-06 14:08:20,,,22.219999,,,,,,,
2021-03-06 14:03:20,,63,,,,,,,,
2021-03-06 14:03:20,,,20.779999,,,,,,,
2021-03-06 14:03:20,24.791718,,,,,,,,,
2021-03-06 13:58:20,24.735634,,,,,,,,,
2021-03-06 13:58:20,,63,,,,,,,,
2021-03-06 13:58:20,,,31.42,,,,,,,
2021-03-06 13:53:20,,63,,,,,,,,
2021-03-06 13:53:20,24.666206,,,,,,,,,
2021-03-06 13:53:20,,,74.159996,,,,,,,
2021-03-06 13:53:17,,,,5.928111,,,,,,
2021-03-06 13:48:20,,,27.75,,,,,,,
2021-03-06 13:48:20,,65,,,,,,,,
2021-03-06 13:48:20,24.594109,,,,,,,,,
2021-03-06 13:43:20,,63,,,,,,,,
2021-03-06 13:43:20,,,63.52,,,,,,,
2021-03-06 13:43:20,24.439232,,,,,,,,,
2021-03-06 13:38:20,24.383156,,,,,,,,,
2021-03-06 13:38:20,,63,,,,,,,,
2021-03-06 13:38:20,,,72.760002,,,,,,,
2021-03-06 13:33:20,24.268333,,,,,,,,,
2021-03-06 13:33:20,,62,,,,,,,,
2021-03-06 13:33:20,,,47.299999,,,,,,,
2021-03-06 13:28:20,24.169525,,,,,,,,,
2021-03-06 13:28:20,,,63.799999,,,,,,,
2021-03-06 13:28:20,,63,,,,,,,,
2021-03-06 13:23:20,24.014648,,,,,,,,,
2021-03-06 13:23:20,,63,,,,,,,,
2021-03-06 13:23:20,,,45.16,,,,,,,
2021-03-06 13:18:20,,,24.73,,,,,,,
2021-03-06 13:18:20,,61,,,,,,,,
2021-03-06 13:18:20,23.902496,,,,,,,,,
2021-03-06 13:13:20,,61,,,,,,,,
2021-03-06 13:13:20,,,25.459999,,,,,,,
2021-03-06 13:13:20,23.819717,,,,,,,,,
2021-03-06 13:08:20,,,77.360001,,,,,,,
2021-03-06 13:08:20,,60,,,,,,,,
2021-03-06 13:08:20,23.720909,,,,,,,,,
2021-03-06 13:03:20,,,81.900002,,,,,,,
2021-03-06 13:03:20,23.646141,,,,,,,,,
2021-03-06 13:03:20,,59,,,,,,,,
2021-03-06 12:58:20,23.590065,,,,,,,,,
2021-03-06 12:58:20,,59,,,,,,,,
2021-03-06 12:58:20,,,36.469997,,,,,,,
2021-03-06 12:53:20,,59,,,,,,,,
2021-03-06 12:53:20,23.576714,,,,,,,,,
2021-03-06 12:53:20,,,20.85,,,,,,,
2021-03-06 12:48:20,23.576714,,,,,,,,,
2021-03-06 12:48:20,,59,,,,,,,,
2021-03-06 12:48:20,,,20.029999,,,,,,,
2021-03-06 12:43:20,,58,,,,,,,,
2021-03-06 12:43:20,23.63279,,,,,,,,,
2021-03-06 12:43:20,,,24.4,,,,,,,
2021-03-06 12:38:20,,58,,,,,,,,
2021-03-06 12:38:20,,,30.719999,,,,,,,
2021-03-06 12:38:20,23.646141,,,,,,,,,
2021-03-06 12:33:20,,58,,,,,,,,
2021-03-06 12:33:20,,,92.079994,,,,,,,
2021-03-06 12:33:20,23.702217,,,,,,,,,
2021-03-06 12:28:20,,58,,,,,,,,
2021-03-06 12:28:20,,,58.68,,,,,,,
2021-03-06 12:28:20,23.747612,,,,,,,,,
2021-03-06 12:23:20,,,19.129999,,,,,,,
2021-03-06 12:23:20,,58,,,,,,,,
2021-03-06 12:23:20,23.819717,,,,,,,,,
2021-03-06 12:18:20,23.902496,,,,,,,,,
2021-03-06 12:18:20,,58,,,,,,,,
2021-03-06 12:18:20,,,30.33,,,,,,,
2021-03-06 12:13:20,,,98.360001,,,,,,,
2021-03-06 12:13:20,,58,,,,,,,,
2021-03-06 12:13:20,24.001297,,,,,,,,,
2021-03-06 12:08:20,,59,,,,,,,,
2021-03-06 12:08:20,24.129471,,,,,,,,,
2021-03-06 12:08:20,,,98.279999,,,,,,,
2021-03-06 12:03:20,,59,,,,,,,,
2021-03-06 12:03:20,,,30.76,,,,,,,
2021-03-06 12:03:20,24.185547,,,,,,,,,
2021-03-06 11:58:20,24.313728,,,,,,,,,
2021-03-06 11:58:20,,,54.239998,,,,,,,
2021-03-06 11:58:20,,59,,,,,,,,
2021-03-06 11:53:20,,59,,,,,,,,
2021-03-06 11:53:20,,,97.839996,,,,,,,
2021-03-06 11:53:20,24.468605,,,,,,,,,
2021-03-06 11:48:20,,,25.92,,,,,,,
2021-03-06 11:48:20,,59,,,,,,,,
2021-03-06 11:48:20,24.61013,,,,,,,,,
2021-03-06 11:43:20,,,92.839996,,,,,,,
2021-03-06 11:43:20,,60,,,,,,,,
2021-03-06 11:43:19,24.706261,,,,,,,,,
2021-03-06 11:38:19,,61,,,,,,,,
2021-03-06 11:38:19,24.890518,,,,,,,,,
2021-03-06 11:38:19,,,91.959999,,,,,,,
2021-03-06 11:33:19,,61,,,,,,,,
2021-03-06 11:33:19,,,91.279999,,,,,,,
2021-03-06 11:33:19,25.018692,,,,,,,,,
2021-03-06 11:28:19,,,90.599998,,,,,,,
2021-03-06 11:28:19,25.034714,,,,,,,,,
2021-03-06 11:28:19,,63,,,,,,,,
2021-03-06 11:23:19,,,92.040001,,,,,,,
2021-03-06 11:23:19,,63,,,,,,,,
2021-03-06 11:23:19,25.005341,,,,,,,,,
2021-03-06 11:18:19,24.962616,,,,,,,,,
2021-03-06 11:18:19,,,93.439995,,,,,,,
2021-03-06 11:18:19,,62,,,,,,,,
2021-03-06 11:13:19,24.935913,,,,,,,,,
2021-03-06 11:13:19,,62,,,,,,,,
2021-03-06 11:13:19,,,90,,,,,,,
2021-03-06 11:08:19,,62,,,,,,,,
2021-03-06 11:08:19,,,75.82,,,,,,,
2021-03-06 11:08:19,24.90387,,,,,,,,,
2021-03-06 11:03:19,24.877167,,,,,,,,,
2021-03-06 11:03:19,,,87.199997,,,,,,,
2021-03-06 11:03:19,,63,,,,,,,,
2021-03-06 10:58:19,,,85.360001,,,,,,,
2021-03-06 10:58:19,24.834442,,,,,,,,,
2021-03-06 10:58:19,,62,,,,,,,,
2021-03-06 10:53:19,,,63.98,,,,,,,
2021-03-06 10:53:19,24.821091,,,,,,,,,
2021-03-06 10:53:19,,62,,,,,,,,
2021-03-06 10:53:17,,,,5.953262,,,,,,
2021-03-06 10:48:19,,63,,,,,,,,
2021-03-06 10:48:19,,,18.23,,,,,,,
2021-03-06 10:48:19,24.834442,,,,,,,,,
2021-03-06 10:43:19,,,95.879997,,,,,,,
2021-03-06 10:43:19,,64,,,,,,,,
2021-03-06 10:43:19,24.805069,,,,,,,,,
2021-03-06 10:38:19,,65,,,,,,,,
2021-03-06 10:38:19,24.765015,,,,,,,,,
2021-03-06 10:38:19,,,92.959999,,,,,,,
2021-03-06 10:33:19,24.706261,,,,,,,,,
2021-03-06 10:33:19,,,91.919998,,,,,,,
2021-03-06 10:33:19,,65,,,,,,,,
2021-03-06 10:28:19,,66,,,,,,,,
2021-03-06 10:28:19,24.679558,,,,,,,,,
2021-03-06 10:28:19,,,88.279999,,,,,,,
2021-03-06 10:23:19,,65,,,,,,,,
2021-03-06 10:23:19,,,27.129999,,,,,,,
2021-03-06 10:23:19,24.636833,,,,,,,,,
2021-03-06 10:18:19,24.580757,,,,,,,,,
2021-03-06 10:18:19,,65,,,,,,,,
2021-03-06 10:18:19,,,83.159996,,,,,,,
2021-03-06 10:13:19,,,79.379997,,,,,,,
2021-03-06 10:13:19,,66,,,,,,,,
2021-03-06 10:13:19,24.538033,,,,,,,,,
2021-03-06 10:08:19,24.51133,,,,,,,,,
2021-03-06 10:08:19,,66,,,,,,,,
2021-03-06 10:08:19,,,22.73,,,,,,,
2021-03-06 10:03:19,,,34.32,,,,,,,
2021-03-06 10:03:19,,66,,,,,,,,
2021-03-06 10:03:19,24.468605,,,,,,,,,
2021-03-06 09:58:19,,67,,,,,,,,
2021-03-06 09:58:19,24.399178,,,,,,,,,
2021-03-06 09:58:19,,,45.039997,,,,,,,
2021-03-06 09:53:19,,66,,,,,,,,
2021-03-06 09:53:19,,,19.66,,,,,,,
2021-03-06 09:53:19,24.356453,,,,,,,,,
2021-03-06 09:48:19,24.281685,,,,,,,,,
2021-03-06 09:48:19,,,67.479996,,,,,,,
2021-03-06 09:48:19,,66,,,,,,,,
2021-03-06 09:43:19,,67,,,,,,,,
2021-03-06 09:43:19,,,72.059998,,,,,,,
2021-03-06 09:43:19,24.281685,,,,,,,,,
2021-03-06 09:38:19,,,24.369999,,,,,,,
2021-03-06 09:38:19,,67,,,,,,,,
2021-03-06 09:38:19,24.185547,,,,,,,,,
2021-03-06 09:33:19,24.113449,,,,,,,,,
2021-03-06 09:33:19,,,64.580002,,,,,,,
2021-03-06 09:33:19,,67,,,,,,,,
2021-03-06 09:28:19,,68,,,,,,,,
2021-03-06 09:28:19,24.03067,,,,,,,,,
2021-03-06 09:28:19,,,69.639999,,,,,,,
2021-03-06 09:23:19,,66,,,,,,,,
2021-03-06 09:23:19,,,20.84,,,,,,,
2021-03-06 09:23:19,23.974594,,,,,,,,,
2021-03-06 09:18:19,,,26.65,,,,,,,
2021-03-06 09:18:19,23.875793,,,,,,,,,
2021-03-06 09:18:19,,65,,,,,,,,
2021-03-06 09:13:19,,,16,,,,,,,
2021-03-06 09:13:19,,65,,,,,,,,
2021-03-06 09:13:19,23.776993,,,,,,,,,
2021-03-06 09:08:19,23.646141,,,,,,,,,
2021-03-06 09:08:19,,,16.690001,,,,,,,
2021-03-06 09:08:19,,65,,,,,,,,
2021-03-06 09:03:19,,,31.699999,,,,,,,
2021-03-06 09:03:19,,63,,,,,,,,
2021-03-06 09:03:19,23.533989,,,,,,,,,
2021-03-06 08:58:19,,63,,,,,,,,
2021-03-06 08:58:19,23.408485,,,,,,,,,
2021-03-06 08:58:19,,,16.1,,,,,,,
2021-03-06 08:53:19,,62,,,,,,,,
2021-03-06 08:53:19,,,25.439999,,,,,,,
2021-03-06 08:53:19,23.323036,,,,,,,,,
2021-03-06 08:48:19,23.280312,,,,,,,,,
2021-03-06 08:48:19,,,15.719999,,,,,,,
2021-03-06 08:48:19,,61,,,,,,,,
2021-03-06 08:43:19,23.339058,,,,,,,,,
2021-03-06 08:43:19,,61,,,,,,,,
2021-03-06 08:43:19,,,13.16,,,,,,,
2021-03-06 08:38:19,23.379112,,,,,,,,,
2021-03-06 08:38:19,,60,,,,,,,,
2021-03-06 08:38:19,,,19.609999,,,,,,,
2021-03-06 08:33:19,23.408485,,,,,,,,,
2021-03-06 08:33:19,,60,,,,,,,,
2021-03-06 08:33:19,,,14.4,,,,,,,
2021-03-06 08:28:19,,,12.389999,,,,,,,
2021-03-06 08:28:19,23.477913,,,,,,,,,
2021-03-06 08:28:19,,60,,,,,,,,
2021-03-06 08:23:19,,60,,,,,,,,
2021-03-06 08:23:19,,,10.23,,,,,,,
2021-03-06 08:23:19,23.550011,,,,,,,,,
2021-03-06 08:18:19,,,9.679999,,,,,,,
2021-03-06 08:18:19,23.646141,,,,,,,,,
2021-03-06 08:18:19,,60,,,,,,,,
2021-03-06 08:13:19,,,8.84,,,,,,,
2021-03-06 08:13:19,23.833069,,,,,,,,,
2021-03-06 08:13:19,,60,,,,,,,,
2021-03-06 08:08:19,,,9.04,,,,,,,
2021-03-06 08:08:19,,62,,,,,,,,
2021-03-06 08:08:19,24.014648,,,,,,,,,
2021-03-06 08:03:19,24.185547,,,,,,,,,
2021-03-06 08:03:19,,61,,,,,,,,
2021-03-06 08:03:19,,,9.19,,,,,,,
2021-03-06 07:58:19,,,7.67,,,,,,,
2021-03-06 07:58:19,24.42588,,,,,,,,,
2021-03-06 07:58:19,,61,,,,,,,,
2021-03-06 07:53:19,,62,,,,,,,,
2021-03-06 07:53:19,,,7.55,,,,,,,
2021-03-06 07:53:19,24.623482,,,,,,,,,
2021-03-06 07:53:17,,,,5.980018,,,,,,
2021-03-06 07:48:19,,62,,,,,,,,
2021-03-06 07:48:19,,,5.91,,,,,,,
2021-03-06 07:48:19,24.861145,,,,,,,,,
2021-03-06 07:43:19,,,4.45,,,,,,,
2021-03-06 07:43:19,25.074768,,,,,,,,,
2021-03-06 07:43:19,,63,,,,,,,,
2021-03-06 07:38:19,,,3.46,,,,,,,
2021-03-06 07:38:19,25.315102,,,,,,,,,
2021-03-06 07:38:19,,63,,,,,,,,
2021-03-06 07:33:19,,65,,,,,,,,
2021-03-06 07:33:19,,,2.68,,,,,,,
2021-03-06 07:33:19,25.571449,,,,,,,,,
2021-03-06 07:28:19,,,2.04,,,,,,,
2021-03-06 07:28:19,25.769058,,,,,,,,,
2021-03-06 07:28:19,,65,,,,,,,,
2021-03-06 07:23:19,,67,,,,,,,,
2021-03-06 07:23:19,26.020065,,,,,,,,,
2021-03-06 07:23:19,,,1.36,,,,,,,
2021-03-06 07:18:19,,69,,,,,,,,
2021-03-06 07:18:19,,,0.7,,,,,,,
2021-03-06 07:18:19,26.233688,,,,,,,,,
2021-03-06 07:13:19,,71,,,,,,,,
2021-03-06 07:13:19,,,0.3,,,,,,,
2021-03-06 07:13:19,26.431297,,,,,,,,,
2021-03-06 07:08:19,,75,,,,,,,,
2021-03-06 07:08:19,,,0.17,,,,,,,
2021-03-06 07:08:19,26.599525,,,,,,,,,
2021-03-06 07:03:19,,,0.09,,,,,,,
2021-03-06 07:03:19,26.698326,,,,,,,,,
2021-03-06 07:03:19,,79,,,,,,,,
2021-03-06 06:58:19,26.714348,,,,,,,,,
2021-03-06 06:58:19,,,0.03,,,,,,,
2021-03-06 06:58:19,,80,,,,,,,,
2021-03-06 06:53:19,26.714348,,,,,,,,,
2021-03-06 06:53:19,,80,,,,,,,,
2021-03-06 06:53:19,,,0.02,,,,,,,
2021-03-06 06:48:19,,,0.02,,,,,,,
2021-03-06 06:48:19,,81,,,,,,,,
2021-03-06 06:48:19,26.714348,,,,,,,,,
2021-03-06 06:43:19,,80,,,,,,,,
2021-03-06 06:43:19,,,0.03,,,,,,,
2021-03-06 06:43:19,26.727699,,,,,,,,,
2021-03-06 06:38:19,,,0.03,,,,,,,
2021-03-06 06:38:19,,80,,,,,,,,
2021-03-06 06:38:19,26.714348,,,,,,,,,
2021-03-06 06:33:19,,80,,,,,,,,
2021-03-06 06:33:19,,,0.02,,,,,,,
2021-03-06 06:33:19,26.727699,,,,,,,,,
2021-03-06 06:28:19,,,0.01,,,,,,,
2021-03-06 06:28:19,26.741051,,,,,,,,,
2021-03-06 06:28:19,,80,,,,,,,,
2021-03-06 06:23:19,26.741051,,,,,,,,,
2021-03-06 06:23:19,,81,,,,,,,,
2021-03-06 06:23:19,,,0.03,,,,,,,
2021-03-06 06:18:19,,,0.03,,,,,,,
2021-03-06 06:18:19,26.727699,,,,,,,,,
2021-03-06 06:18:19,,81,,,,,,,,
2021-03-06 06:13:19,,81,,,,,,,,
2021-03-06 06:13:19,26.741051,,,,,,,,,
2021-03-06 06:13:19,,,0.02,,,,,,,
2021-03-06 06:08:19,26.714348,,,,,,,,,
2021-03-06 06:08:19,,81,,,,,,,,
2021-03-06 06:08:19,,,0.02,,,,,,,
2021-03-06 06:03:19,,81,,,,,,,,
2021-03-06 06:03:18,,,0.03,,,,,,,
2021-03-06 06:03:18,26.75708,,,,,,,,,
2021-03-06 05:58:18,,81,,,,,,,,
2021-03-06 05:58:18,26.714348,,,,,,,,,
2021-03-06 05:58:18,,,0.02,,,,,,,
2021-03-06 05:53:18,,80,,,,,,,,
2021-03-06 05:53:18,,,0.02,,,,,,,
2021-03-06 05:53:18,26.714348,,,,,,,,,
2021-03-06 05:48:18,26.714348,,,,,,,,,
2021-03-06 05:48:18,,80,,,,,,,,
2021-03-06 05:48:18,,,0.02,,,,,,,
2021-03-06 05:43:18,,80,,,,,,,,
2021-03-06 05:43:18,,,0.03,,,,,,,
2021-03-06 05:43:18,26.727699,,,,,,,,,
2021-03-06 05:38:18,,80,,,,,,,,
2021-03-06 05:38:18,,,0.03,,,,,,,
2021-03-06 05:38:18,26.727699,,,,,,,,,
2021-03-06 05:33:18,,,0.01,,,,,,,
2021-03-06 05:33:18,,80,,,,,,,,
2021-03-06 05:33:18,26.727699,,,,,,,,,
2021-03-06 05:28:18,26.714348,,,,,,,,,
2021-03-06 05:28:18,,80,,,,,,,,
2021-03-06 05:28:18,,,0.02,,,,,,,
2021-03-06 05:23:18,,,0.03,,,,,,,
2021-03-06 05:23:18,,80,,,,,,,,
2021-03-06 05:23:18,26.741051,,,,,,,,,
2021-03-06 05:18:18,,81,,,,,,,,
2021-03-06 05:18:18,26.727699,,,,,,,,,
2021-03-06 05:18:18,,,0.03,,,,,,,
2021-03-06 05:13:18,,80,,,,,,,,
2021-03-06 05:13:18,,,0.03,,,,,,,
2021-03-06 05:13:18,26.75708,,,,,,,,,
2021-03-06 05:08:18,,81,,,,,,,,
2021-03-06 05:08:18,,,0.02,,,,,,,
2021-03-06 05:08:18,26.727699,,,,,,,,,
2021-03-06 05:03:18,26.741051,,,,,,,,,
2021-03-06 05:03:18,,,0.02,,,,,,,
2021-03-06 05:03:18,,81,,,,,,,,
2021-03-06 04:58:18,,81,,,,,,,,
2021-03-06 04:58:18,,,0.03,,,,,,,
2021-03-06 04:58:18,26.727699,,,,,,,,,
2021-03-06 04:53:18,,81,,,,,,,,
2021-03-06 04:53:18,,,0.02,,,,,,,
2021-03-06 04:53:18,26.714348,,,,,,,,,
2021-03-06 04:53:17,,,,6.006774,,,,,,
2021-03-06 04:48:18,26.684975,,,,,,,,,
2021-03-06 04:48:18,,80,,,,,,,,
2021-03-06 04:48:18,,,0.02,,,,,,,
2021-03-06 04:43:18,26.698326,,,,,,,,,
2021-03-06 04:43:18,,,0.02,,,,,,,
2021-03-06 04:43:18,,80,,,,,,,,
2021-03-06 04:38:18,,,0.03,,,,,,,
2021-03-06 04:38:18,26.698326,,,,,,,,,
2021-03-06 04:38:18,,80,,,,,,,,
2021-03-06 04:33:18,26.684975,,,,,,,,,
2021-03-06 04:33:18,,81,,,,,,,,
2021-03-06 04:33:18,,,0.03,,,,,,,
2021-03-06 04:28:18,26.741051,,,,,,,,,
2021-03-06 04:28:18,,,0.02,,,,,,,
2021-03-06 04:28:18,,81,,,,,,,,
2021-03-06 04:23:18,,80,,,,,,,,
2021-03-06 04:23:18,,,0.02,,,,,,,
2021-03-06 04:23:18,26.714348,,,,,,,,,
2021-03-06 04:18:18,,,0.02,,,,,,,
2021-03-06 04:18:18,,80,,,,,,,,
2021-03-06 04:18:18,26.714348,,,,,,,,,
2021-03-06 04:13:18,,81,,,,,,,,
2021-03-06 04:13:18,26.714348,,,,,,,,,
2021-03-06 04:13:18,,,0.03,,,,,,,
2021-03-06 04:08:18,,,0.02,,,,,,,
2021-03-06 04:08:18,26.727699,,,,,,,,,
2021-03-06 04:08:18,,81,,,,,,,,
2021-03-06 04:03:18,26.684975,,,,,,,,,
2021-03-06 04:03:18,,,0.02,,,,,,,
2021-03-06 04:03:18,,80,,,,,,,,
2021-03-06 03:58:18,,,0.03,,,,,,,
2021-03-06 03:58:18,,80,,,,,,,,
2021-03-06 03:58:18,26.714348,,,,,,,,,
2021-03-06 03:53:18,,80,,,,,,,,
2021-03-06 03:53:18,26.684975,,,,,,,,,
2021-03-06 03:53:18,,,0.03,,,,,,,
2021-03-06 03:48:18,,80,,,,,,,,
2021-03-06 03:48:18,,,0.03,,,,,,,
2021-03-06 03:48:18,26.684975,,,,,,,,,
2021-03-06 03:43:18,,80,,,,,,,,
2021-03-06 03:43:18,,,0.02,,,,,,,
2021-03-06 03:43:18,26.698326,,,,,,,,,
2021-03-06 03:38:18,26.684975,,,,,,,,,
2021-03-06 03:38:18,,,0.03,,,,,,,
2021-03-06 03:38:18,,80,,,,,,,,
2021-03-06 03:33:18,,80,,,,,,,,
2021-03-06 03:33:18,,,0.03,,,,,,,
2021-03-06 03:33:18,26.684975,,,,,,,,,
2021-03-06 03:28:18,,80,,,,,,,,
2021-03-06 03:28:18,,,0.03,,,,,,,
2021-03-06 03:28:18,26.671623,,,,,,,,,
2021-03-06 03:23:18,,,0.02,,,,,,,
2021-03-06 03:23:18,,80,,,,,,,,
2021-03-06 03:23:18,26.655602,,,,,,,,,
2021-03-06 03:18:18,26.628899,,,,,,,,,
2021-03-06 03:18:18,,,0.02,,,,,,,
2021-03-06 03:18:18,,80,,,,,,,,
2021-03-06 03:13:18,,,0.03,,,,,,,
2021-03-06 03:13:18,26.671623,,,,,,,,,
2021-03-06 03:13:18,,79,,,,,,,,
2021-03-06 03:08:18,26.628899,,,,,,,,,
2021-03-06 03:08:18,,79,,,,,,,,
2021-03-06 03:08:18,,,0.03,,,,,,,
2021-03-06 03:03:18,26.655602,,,,,,,,,
2021-03-06 03:03:18,,,0.02,,,,,,,
2021-03-06 03:03:18,,80,,,,,,,,
2021-03-06 02:58:18,,80,,,,,,,,
2021-03-06 02:58:18,,,0.02,,,,,,,
2021-03-06 02:58:18,26.64225,,,,,,,,,
2021-03-06 02:53:18,,,0.02,,,,,,,
2021-03-06 02:53:18,26.671623,,,,,,,,,
2021-03-06 02:53:18,,80,,,,,,,,
2021-03-06 02:48:18,,80,,,,,,,,
2021-03-06 02:48:18,,,0.02,,,,,,,
2021-03-06 02:48:18,26.655602,,,,,,,,,
2021-03-06 02:43:18,,,0.03,,,,,,,
2021-03-06 02:43:18,26.628899,,,,,,,,,
2021-03-06 02:43:18,,80,,,,,,,,
2021-03-06 02:38:18,26.628899,,,,,,,,,
2021-03-06 02:38:18,,80,,,,,,,,
2021-03-06 02:38:18,,,0.02,,,,,,,
2021-03-06 02:33:18,,,0.02,,,,,,,
2021-03-06 02:33:18,26.615547,,,,,,,,,
2021-03-06 02:33:18,,80,,,,,,,,
2021-03-06 02:28:18,,80,,,,,,,,
2021-03-06 02:28:18,,,0.03,,,,,,,
2021-03-06 02:28:18,26.655602,,,,,,,,,
2021-03-06 02:23:18,,79,,,,,,,,
2021-03-06 02:23:18,,,0.02,,,,,,,
2021-03-06 02:23:18,26.599525,,,,,,,,,
2021-03-06 02:18:18,,,0.02,,,,,,,
2021-03-06 02:18:18,26.599525,,,,,,,,,
2021-03-06 02:18:18,,79,,,,,,,,
2021-03-06 02:13:18,,79,,,,,,,,
2021-03-06 02:13:18,,,0.03,,,,,,,
2021-03-06 02:13:18,26.586174,,,,,,,,,
2021-03-06 02:08:18,,,0.03,,,,,,,
2021-03-06 02:08:18,26.559471,,,,,,,,,
2021-03-06 02:08:18,,79,,,,,,,,
2021-03-06 02:03:18,,,0.03,,,,,,,
2021-03-06 02:03:18,,79,,,,,,,,
2021-03-06 02:03:18,26.559471,,,,,,,,,
2021-03-06 01:58:18,,,0.01,,,,,,,
2021-03-06 01:58:18,,79,,,,,,,,
2021-03-06 01:58:18,26.543449,,,,,,,,,
2021-03-06 01:53:18,,79,,,,,,,,
2021-03-06 01:53:18,,,0.01,,,,,,,
2021-03-06 01:53:18,26.543449,,,,,,,,,
2021-03-06 01:53:17,,,,6.038882,,,,,,
2021-03-06 01:48:18,,,0.03,,,,,,,
2021-03-06 01:48:18,26.543449,,,,,,,,,
2021-03-06 01:48:18,,79,,,,,,,,
2021-03-06 01:43:18,,,0.03,,,,,,,
2021-03-06 01:43:18,26.543449,,,,,,,,,
2021-03-06 01:43:18,,79,,,,,,,,
2021-03-06 01:38:18,,79,,,,,,,,
2021-03-06 01:38:18,,,0.02,,,,,,,
2021-03-06 01:38:18,26.543449,,,,,,,,,
2021-03-06 01:33:18,,79,,,,,,,,
2021-03-06 01:33:18,,,0.01,,,,,,,
2021-03-06 01:33:18,26.530098,,,,,,,,,
2021-03-06 01:28:18,,79,,,,,,,,
2021-03-06 01:28:18,,,0.03,,,,,,,
2021-03-06 01:28:18,26.516747,,,,,,,,,
2021-03-06 01:23:18,,79,,,,,,,,
2021-03-06 01:23:18,,,0.03,,,,,,,
2021-03-06 01:23:18,26.500725,,,,,,,,,
2021-03-06 01:18:18,,,0.01,,,,,,,
2021-03-06 01:18:18,26.474022,,,,,,,,,
2021-03-06 01:18:18,,79,,,,,,,,
2021-03-06 01:13:18,26.487373,,,,,,,,,
2021-03-06 01:13:18,,,0.02,,,,,,,
2021-03-06 01:13:18,,79,,,,,,,,
2021-03-06 01:08:18,,,0.03,,,,,,,
2021-03-06 01:08:18,,79,,,,,,,,
2021-03-06 01:08:18,26.46067,,,,,,,,,
2021-03-06 01:03:18,,79,,,,,,,,
2021-03-06 01:03:18,26.46067,,,,,,,,,
2021-03-06 01:03:18,,,0.02,,,,,,,
2021-03-06 00:58:18,,79,,,,,,,,
2021-03-06 00:58:18,,,0.03,,,,,,,
2021-03-06 00:58:18,26.444649,,,,,,,,,
2021-03-06 00:53:18,,79,,,,,,,,
2021-03-06 00:53:18,,,0.02,,,,,,,
2021-03-06 00:53:18,26.431297,,,,,,,,,
2021-03-06 00:48:18,26.46067,,,,,,,,,
2021-03-06 00:48:18,,,0.03,,,,,,,
2021-03-06 00:48:18,,79,,,,,,,,
2021-03-06 00:43:18,,79,,,,,,,,
2021-03-06 00:43:18,,,0.04,,,,,,,
2021-03-06 00:43:18,26.417946,,,,,,,,,
2021-03-06 00:38:18,26.417946,,,,,,,,,
2021-03-06 00:38:18,,79,,,,,,,,
2021-03-06 00:38:18,,,0.03,,,,,,,
2021-03-06 00:33:18,26.404594,,,,,,,,,
2021-03-06 00:33:18,,78,,,,,,,,
2021-03-06 00:33:18,,,0.03,,,,,,,
2021-03-06 00:28:18,,78,,,,,,,,
2021-03-06 00:28:18,,,0.02,,,,,,,
2021-03-06 00:28:17,26.388573,,,,,,,,,
2021-03-06 00:23:18,,78,,,,,,,,
2021-03-06 00:23:17,,,0.03,,,,,,,
2021-03-06 00:23:17,26.375221,,,,,,,,,
2021-03-06 00:18:17,,78,,,,,,,,
2021-03-06 00:18:17,,,0.03,,,,,,,
2021-03-06 00:18:17,26.36187,,,,,,,,,
2021-03-06 00:13:17,,78,,,,,,,,
2021-03-06 00:13:17,,,0.02,,,,,,,
2021-03-06 00:13:17,26.332497,,,,,,,,,
2021-03-06 00:08:17,,,0.02,,,,,,,
2021-03-06 00:08:17,26.332497,,,,,,,,,
2021-03-06 00:08:17,,78,,,,,,,,
2021-03-06 00:03:17,,78,,,,,,,,
2021-03-06 00:03:17,,,0.03,,,,,,,
2021-03-06 00:03:17,26.319145,,,,,,,,,
2021-03-05 23:58:17,,,0.04,,,,,,,
2021-03-05 23:58:17,26.319145,,,,,,,,,
2021-03-05 23:58:17,,77,,,,,,,,
2021-03-05 23:53:17,,,0.03,,,,,,,
2021-03-05 23:53:17,,78,,,,,,,,
2021-03-05 23:53:17,26.319145,,,,,,,,,
2021-03-05 23:48:17,,,0.02,,,,,,,
2021-03-05 23:48:17,26.289772,,,,,,,,,
2021-03-05 23:48:17,,78,,,,,,,,
2021-03-05 23:43:17,26.289772,,,,,,,,,
2021-03-05 23:43:17,,77,,,,,,,,
2021-03-05 23:43:17,,,0.04,,,,,,,
2021-03-05 23:38:17,,,0.03,,,,,,,
2021-03-05 23:38:17,26.305794,,,,,,,,,
2021-03-05 23:38:17,,77,,,,,,,,
2021-03-05 23:33:17,,77,,,,,,,,
2021-03-05 23:33:17,,,0.03,,,,,,,
2021-03-05 23:33:17,26.305794,,,,,,,,,
2021-03-05 23:28:17,,77,,,,,,,,
2021-03-05 23:28:17,,,0.02,,,,,,,
2021-03-05 23:28:17,26.289772,,,,,,,,,
2021-03-05 23:23:17,,,0.02,,,,,,,
2021-03-05 23:23:17,26.276421,,,,,,,,,
2021-03-05 23:23:17,,77,,,,,,,,
2021-03-05 23:18:17,,77,,,,,,,,
2021-03-05 23:18:17,,,0.03,,,,,,,
2021-03-05 23:18:17,26.305794,,,,,,,,,
2021-03-05 23:13:17,,,0.03,,,,,,,
2021-03-05 23:13:17,26.289772,,,,,,,,,
2021-03-05 23:13:17,,76,,,,,,,,
2021-03-05 23:08:17,,,0.03,,,,,,,
2021-03-05 23:08:17,,76,,,,,,,,
2021-03-05 23:08:17,26.305794,,,,,,,,,
2021-03-05 23:03:17,,,0.02,,,,,,,
2021-03-05 23:03:17,,76,,,,,,,,
2021-03-05 23:03:17,26.348518,,,,,,,,,
2021-03-05 22:58:17,,76,,,,,,,,
2021-03-05 22:58:17,,,0.03,,,,,,,
2021-03-05 22:58:17,26.348518,,,,,,,,,
2021-03-05 22:53:17,,76,,,,,,,,
2021-03-05 22:53:17,,,0.04,,,,,,,
2021-03-05 22:53:17,26.388573,,,,,,,,,
2021-03-05 22:53:17,,,,6.05654,,,,,,
2021-03-05 22:48:17,,,0.03,,,,,,,
2021-03-05 22:48:17,26.444649,,,,,,,,,
2021-03-05 22:48:17,,76,,,,,,,,
2021-03-05 22:43:17,,75,,,,,,,,
2021-03-05 22:43:17,,,0.03,,,,,,,
2021-03-05 22:43:17,26.500725,,,,,,,,,
2021-03-05 22:38:17,,75,,,,,,,,
2021-03-05 22:38:17,,,0.04,,,,,,,
2021-03-05 22:38:17,26.572823,,,,,,,,,
2021-03-05 22:33:17,,74,,,,,,,,
2021-03-05 22:33:17,,,0.04,,,,,,,
2021-03-05 22:33:17,26.671623,,,,,,,,,
2021-03-05 22:28:17,,73,,,,,,,,
2021-03-05 22:28:17,,,0.04,,,,,,,
2021-03-05 22:28:17,26.842529,,,,,,,,,
2021-03-05 22:23:17,,,0.03,,,,,,,
2021-03-05 22:23:17,27.082855,,,,,,,,,
2021-03-05 22:23:17,,71,,,,,,,,
2021-03-05 22:18:17,27.675667,,,,,,,,,
2021-03-05 22:18:17,,70,,,,,,,,
2021-03-05 22:18:17,,,0.03,,,,,,,
2021-03-05 22:13:17,,,8.62,,,,,,,
2021-03-05 22:13:17,27.814529,,,,,,,,,
2021-03-05 22:13:17,,67,,,,,,,,
2021-03-05 22:08:17,,62,,,,,,,,
2021-03-05 22:08:17,,,2.71,,,,,,,
2021-03-05 22:08:17,28.183029,,,,,,,,,
2021-03-05 22:03:17,,75,,,,,,,,
2021-03-05 22:03:17,,,0.42,,,,,,,
2021-03-05 22:03:17,28.268486,,,,,,,,,
2021-03-05 21:58:17,,,2.24,,,,,,,
2021-03-05 21:58:17,28.142975,,,,,,,,,
2021-03-05 21:58:17,,71,,,,,,,,
2021-03-05 21:53:17,,71,,,,,,,,
2021-03-05 21:53:17,,,2.04,,,,,,,
2021-03-05 21:53:17,28.239105,,,,,,,,,
2021-03-05 21:48:17,,,38.349998,,,,,,,
2021-03-05 21:48:17,28.239105,,,,,,,,,
2021-03-05 21:48:17,,76,,,,,,,,
2021-03-05 21:43:17,,74,,,,,,,,
2021-03-05 21:43:17,,,390.399994,,,,,,,
2021-03-05 21:43:17,28.183029,,,,,,,,,
2021-03-05 21:38:17,,,436.160004,,,,,,,
2021-03-05 21:38:17,,74,,,,,,,,
2021-03-05 21:38:17,28.183029,,,,,,,,,
2021-03-05 21:33:17,,74,,,,,,,,
2021-03-05 21:33:17,,,1.28,,,,,,,
2021-03-05 21:33:17,27.969406,,,,,,,,,
2021-03-05 21:28:17,,73,,,,,,,,
2021-03-05 21:28:17,,,673.279968,,,,,,,
2021-03-05 21:28:17,27.988098,,,,,,,,,
2021-03-05 21:23:17,,,704,,,,,,,
2021-03-05 21:23:17,,73,,,,,,,,
2021-03-05 21:23:17,28.00145,,,,,,,,,
2021-03-05 21:18:17,,73,,,,,,,,
2021-03-05 21:18:17,,,704,,,,,,,
2021-03-05 21:18:17,28.028152,,,,,,,,,
2021-03-05 21:13:17,,73,,,,,,,,
2021-03-05 21:13:17,,,704,,,,,,,
2021-03-05 21:13:17,28.070877,,,,,,,,,
2021-03-05 21:08:17,,72,,,,,,,,
2021-03-05 21:08:17,,,704,,,,,,,
2021-03-05 21:08:17,28.113602,,,,,,,,,
2021-03-05 21:03:17,,72,,,,,,,,
2021-03-05 21:03:17,,,703.679993,,,,,,,
2021-03-05 21:03:17,28.183029,,,,,,,,,
2021-03-05 20:58:17,,72,,,,,,,,
2021-03-05 20:58:17,,,703.679993,,,,,,,
2021-03-05 20:58:17,28.311211,,,,,,,,,
2021-03-05 20:53:17,,,566.399963,,,,,,,
2021-03-05 20:53:17,,71,,,,,,,,
2021-03-05 20:53:17,28.535515,,,,,,,,,
2021-03-05 20:52:12,,,,6.234203,,,,,,
2021-03-05 20:52:06,,,,6.102561,,,,,,
2021-03-05 20:52:06,,,,6.111659,,,,,,
2021-03-05 20:49:30,,,,5,,,,,,
2021-03-05 20:48:17,,,4.37,,,,,,,
2021-03-05 20:48:17,28.367287,,,,,,,,,
2021-03-05 20:48:17,,73,,,,,,,,
2021-03-05 20:43:17,,,4.83,,,,,,,
2021-03-05 20:43:17,28.353935,,,,,,,,,
2021-03-05 20:43:17,,72,,,,,,,,
2021-03-05 20:38:17,,72,,,,,,,,
2021-03-05 20:38:17,,,2,,,,,,,
2021-03-05 20:38:17,28.380638,,,,,,,,,
2021-03-05 20:33:17,,72,,,,,,,,
2021-03-05 20:33:17,,,1.98,,,,,,,
2021-03-05 20:33:17,28.39399,,,,,,,,,
2021-03-05 20:28:17,,72,,,,,,,,
2021-03-05 20:28:17,,,3.89,,,,,,,
2021-03-05 20:28:17,28.353935,,,,,,,,,
2021-03-05 20:23:17,,72,,,,,,,,
2021-03-05 20:23:17,28.199051,,,,,,,,,
2021-03-05 20:23:17,,,0.9,,,,,,,
2021-03-05 20:18:17,,73,,,,,,,,
2021-03-05 20:18:17,,,624.320007,,,,,,,
2021-03-05 20:18:17,27.899979,,,,,,,,,
2021-03-05 20:13:17,,73,,,,,,,,
2021-03-05 20:13:17,,,3.59,,,,,,,
2021-03-05 20:13:17,27.814529,,,,,,,,,
2021-03-05 20:08:17,,73,,,,,,,,
2021-03-05 20:08:17,,,3.75,,,,,,,
2021-03-05 20:08:17,27.843903,,,,,,,,,
2021-03-05 20:03:17,,72,,,,,,,,
2021-03-05 20:03:17,27.929352,,,,,,,,,
2021-03-05 20:03:17,,,3.75,,,,,,,
2021-03-05 19:58:17,,72,,,,,,,,
2021-03-05 19:58:17,,,771.200012,,,,,,,
2021-03-05 19:58:17,28.028152,,,,,,,,,
2021-03-05 19:53:17,,,,6.096675,,,,,,
2021-03-05 19:53:17,,71,,,,,,,,
2021-03-05 19:53:17,,,771.200012,,,,,,,
2021-03-05 19:53:17,28.367287,,,,,,,,,
2021-03-05 19:50:23,,,,6.22778,,,,,,
2021-03-05 19:50:18,,,,6.113264,,,,,,
2021-03-05 19:50:17,,,,6.126642,,,,,,